Site,Proxy,Age,Value
DSDP522,IAR,30.63262,3604.63879
DSDP522,IAR,30.794577,3768.245743
DSDP522,IAR,30.951206,3150.323909
DSDP522,IAR,31.102508,2762.771371
DSDP522,IAR,31.149391,3970.036694
DSDP522,IAR,31.194142,5205.435778
DSDP522,IAR,31.255941,4389.546973
DSDP522,IAR,31.312413,5347.951204
DSDP522,IAR,31.351837,7081.288722
DSDP522,IAR,31.417898,3710.917623
DSDP522,IAR,31.469042,2230.174144
DSDP522,IAR,31.534038,3625.959923
DSDP522,IAR,31.570265,3701.618994
DSDP522,IAR,31.619279,3539.574677
DSDP522,IAR,31.660833,2988.973905
DSDP522,IAR,31.724764,2005.825862
DSDP522,IAR,31.784432,3139.325195
DSDP522,IAR,31.820659,2944.554816
DSDP522,IAR,31.892048,3549.28277
DSDP522,IAR,31.937865,1436.753542
DSDP522,IAR,32.004992,3085.631513
DSDP522,IAR,32.040153,3612.340713
DSDP522,IAR,32.087036,3501.499721
DSDP522,IAR,32.129656,4412.084531
DSDP522,IAR,32.201045,3342.759236
DSDP522,IAR,32.246862,3022.282217
DSDP522,IAR,32.286285,3994.872452
DSDP522,IAR,32.354478,3981.550683
DSDP522,IAR,32.406687,3180.009218
DSDP522,IAR,32.503648,1838.824639
DSDP522,IAR,32.555858,3742.102722
DSDP522,IAR,32.598478,3562.822632
DSDP522,IAR,32.669867,3092.714631
DSDP522,IAR,32.715684,3391.429617
DSDP522,IAR,32.760435,4258.284408
DSDP522,IAR,32.825431,3130.101775
DSDP522,IAR,32.87551,2754.555077
DSDP522,IAR,32.934113,4779.028227
DSDP522,IAR,32.971405,2121.747386
DSDP522,IAR,33.024681,2898.77352
DSDP522,IAR,33.067301,5504.644312
DSDP522,IAR,33.13869,2018.479585
DSDP522,IAR,33.181886,3447.965398
DSDP522,IAR,33.219948,2795.445711
DSDP522,IAR,33.24564,5810.829085
DSDP522,IAR,33.327474,4715.778627
DSDP522,IAR,33.375052,4516.648082
DSDP522,IAR,33.408356,4844.736142
DSDP522,IAR,33.472111,5251.343699
DSDP522,IAR,33.52064,4409.609264
DSDP522,IAR,33.553945,3832.911939
DSDP522,IAR,33.612941,5866.761986
DSDP522,IAR,33.648149,3702.140999
DSDP522,IAR,33.706194,7178.30625
DSDP522,IAR,33.751442,2973.779968
DSDP522,IAR,33.788476,4383.331322
DSDP522,IAR,33.839617,2216.267322
DSDP522,IAR,33.881941,4610.436648
DSDP522,IAR,33.930437,3810.022591
DSDP522,IAR,33.970116,7228.839135
DSDP522,IAR,34.005386,7072.356679
DSDP522,IAR,34.058291,4968.35568
DSDP522,IAR,34.109433,3196.410067
DSDP522,IAR,34.137649,3773.75909
DSDP522,IAR,34.181736,4024.415281
DSDP522,IAR,34.236405,5219.053157
DSDP522,IAR,34.278729,3414.674145
DSDP522,IAR,34.313999,4597.557162
DSDP522,IAR,34.369549,4412.239753
DSDP522,IAR,34.410991,6268.472274
DSDP522,IAR,34.447143,4586.1478
DSDP522,IAR,34.50622,4091.241435
DSDP522,IAR,34.59175,3831.713087
DSDP522,IAR,34.631429,6148.465665
DSDP522,IAR,34.666699,5076.716728
DSDP522,IAR,34.725776,7476.720814
DSDP522,IAR,34.769863,6633.19376
DSDP522,IAR,34.798961,4927.050663
DSDP522,IAR,34.822768,5923.365382
DSDP522,IAR,34.927697,8441.176508
DSDP522,IAR,34.966494,4492.518199
DSDP522,IAR,35.00244,5023.879507
DSDP522,IAR,35.078076,5187.884166
DSDP522,IAR,35.137852,4571.757724
DSDP522,IAR,35.18543,3239.364512
DSDP522,IAR,35.262285,5329.714453
DSDP522,IAR,35.385498,5102.164548
DSDP522,IAR,35.445275,3454.377988
DSDP522,IAR,35.490412,3078.459619
DSDP522,IAR,35.567268,4782.774817
DSDP522,IAR,35.750258,4380.78035
DSDP522,IAR,35.785636,5980.763341
DSDP596,IAR,22.956176,513.1547375
DSDP596,IAR,23.193846,314.6532418
DSDP596,IAR,23.386154,214.9881099
DSDP596,IAR,23.591282,291.9018449
DSDP596,IAR,23.847692,177.6378422
DSDP596,IAR,24.155385,289.5729442
DSDP596,IAR,24.411795,158.2561517
DSDP596,IAR,24.668205,219.2040394
DSDP596,IAR,24.822051,199.0158237
DSDP596,IAR,25.437436,289.6090786
DSDP596,IAR,25.54,239.6689365
DSDP596,IAR,25.85,171.2397219
DSDP596,IAR,26.676667,249.0111388
DSDP596,IAR,26.935,251.6387932
DSDP596,IAR,27.141667,151.2535161
DSDP596,IAR,27.4,145.2654365
DSDP596,IAR,27.71,168.8454364
DSDP596,IAR,27.916667,211.0590603
DSDP596,IAR,28.485,178.0864263
DSDP596,IAR,28.74,141.4234916
DSDP596,IAR,28.94,121.0382422
DSDP596,IAR,29.14,178.811807
DSDP596,IAR,29.44,149.8332612
DSDP596,IAR,29.75,122.0132459
DSDP596,IAR,29.97,185.4706899
DSDP596,IAR,30.245,230.6754056
DSDP596,IAR,30.52,188.2746559
DSDP596,IAR,30.795,202.0331901
DSDP596,IAR,31.07,116.7741275
DSDP596,IAR,31.345,155.641905
DSDP596,IAR,32.4175,173.6815928
DSDP596,IAR,32.68,221.1464093
DSDP596,IAR,32.96875,162.7896586
DSDP596,IAR,33.31,187.2922619
DSDP596,IAR,33.52,229.6365674
DSDP596,IAR,33.7825,159.08477
DSDP596,IAR,34.05,178.453087
DSDP596,IAR,34.27,164.3168215
DSDP596,IAR,34.6,219.2766117
DSDP596,IAR,34.82,216.3018556
DSDP596,IAR,35.09,159.9000326
DSDP596,IAR,35.34,182.395015
DSDP596,IAR,35.64,379.241457
DSDP596,IAR,35.84,303.4582762
DSDP596,IAR,36.09,199.7128152
DSDP596,IAR,36.34,171.8113037
DSDP596,IAR,36.59,217.6760738
DSDP596,IAR,36.84,292.6598941
DSDP596,IAR,37.09,332.0238547
DSDP596,IAR,37.34,275.3706473
DSDP596,IAR,37.59,204.5752077
DSDP596,IAR,37.89,457.4420131
DSDP596,IAR,38.09,240.9550796
DSDP596,IAR,38.34,324.3571281
DSDP596,IAR,38.69,287.1720984
DSDP596,IAR,38.99,208.3514219
DSDP596,IAR,39.345263,233.1628732
DSDP596,IAR,39.424211,329.5628379
DSDP596,IAR,41.503158,190.7671759
DSDP596,IAR,41.766316,281.7000217
DSDP596,Si,21.14,6.033613445
DSDP596,Si,23.04,6.157671537
DSDP596,Si,23.54,4.0528072
DSDP596,Si,25.54,3.104665278
DSDP596,Si,28.64,3.137981657
DSDP596,Si,29.64,3.175956
DSDP596,Si,31.84,2.9232
DSDP596,Si,33.94,2.974350476
DSDP596,Si,35.04,2.717474545
DSDP596,Si,36.04,2.891744
DSDP596,Si,37.94,2.859704
DSDP596,Si,39.24,2.69984
DSDP596,Si,42.24,2.3966904
DSDP596,Ba,21.14,3.764584198
DSDP596,Ba,21.698824,3.976663629
DSDP596,Ba,22.257647,3.519117305
DSDP596,Ba,23.04,3.759719717
DSDP596,Ba,23.54,2.983604
DSDP596,Ba,24.514359,2.066776179
DSDP596,Ba,25.54,2.725632068
DSDP596,Ba,26.573333,1.869845595
DSDP596,Ba,27.606667,2.195302007
DSDP596,Ba,28.64,2.562504052
DSDP596,Ba,29.64,2.18484
DSDP596,Ba,30.74,2.3653
DSDP596,Ba,31.84,2.478
DSDP596,Ba,32.89,2.344057143
DSDP596,Ba,33.94,2.355352381
DSDP596,Ba,35.04,1.573381818
DSDP596,Ba,36.04,2.40672
DSDP596,Ba,36.89,2.25386306
DSDP596,Ba,37.94,2.2554
DSDP596,Ba,38.54,2.06033864
DSDP596,Ba,39.24,1.90784
DSDP596,Ba,41.24,2.317797559
DSDP596,Ba,42.24,3.288064
ODP689,IAR,26.76903,699.7462607
ODP689,IAR,26.8451,299.5125861
ODP689,IAR,26.915204,651.6474372
ODP689,IAR,26.9868,257.1983209
ODP689,IAR,27.068837,992.5075484
ODP689,IAR,27.138941,151.7028706
ODP689,IAR,27.216504,357.1877692
ODP689,IAR,27.291083,545.4827568
ODP689,IAR,27.359695,470.9800565
ODP689,IAR,27.440241,553.7867332
ODP689,IAR,27.51482,418.2264432
ODP689,IAR,27.586415,331.9000705
ODP689,IAR,27.663978,437.844455
ODP689,IAR,27.738557,273.025979
ODP689,IAR,27.813136,371.0406765
ODP689,IAR,27.887715,430.8479914
ODP689,IAR,27.962294,42.6784405
ODP689,IAR,28.244202,511.6037901
ODP689,IAR,28.290332,818.427954
ODP689,IAR,28.364131,468.2625152
ODP689,IAR,28.42317,481.287884
ODP689,IAR,28.496969,455.837582
ODP689,IAR,28.569293,550.3581303
ODP689,IAR,28.644568,402.466854
ODP689,IAR,28.718367,280.0797364
ODP689,IAR,28.792166,258.0417331
ODP689,IAR,28.865965,311.7934887
ODP689,IAR,28.939764,404.1870543
ODP689,IAR,29.013563,584.4440434
ODP689,IAR,29.09179,708.3117932
ODP689,IAR,29.161162,584.3277092
ODP689,IAR,29.242341,457.3333581
ODP689,IAR,29.707275,467.2762486
ODP689,IAR,29.776646,370.644287
ODP689,IAR,29.853397,1449.280475
ODP689,IAR,29.928672,772.4084143
ODP689,IAR,30.027543,446.9222999
ODP689,IAR,30.188057,375.4769445
ODP689,IAR,30.339486,338.7168572
ODP689,IAR,30.487886,447.7873284
ODP689,IAR,30.642343,323.3850465
ODP689,IAR,30.793771,196.9194409
ODP689,IAR,30.936114,178.4237337
ODP689,IAR,31.069875,264.8206999
ODP689,IAR,31.149626,224.4635287
ODP689,IAR,31.227715,297.7759321
ODP689,IAR,31.317434,324.6855357
ODP689,IAR,31.398846,414.4492047
ODP689,IAR,31.476934,644.6129137
ODP689,IAR,31.564992,924.7809347
ODP689,IAR,31.66468,348.558251
ODP689,IAR,31.747754,267.9319066
ODP689,IAR,31.824181,300.4047237
ODP689,IAR,31.910577,184.2520093
ODP689,IAR,31.996973,168.518205
ODP689,IAR,32.078385,261.5092067
ODP689,IAR,32.161459,291.1234631
ODP689,IAR,32.246193,242.7954603
ODP689,IAR,32.325944,233.7409611
ODP689,IAR,32.409017,211.1291738
ODP689,IAR,32.493752,270.1883427
ODP689,IAR,32.576825,160.2132814
ODP689,IAR,32.668206,193.9428616
ODP689,IAR,32.742972,198.1297632
ODP689,IAR,32.912441,163.8632945
ODP689,IAR,32.993853,319.6070107
ODP689,IAR,33.166347,623.3285949
ODP689,IAR,33.566223,292.3051653
ODP689,IAR,33.65191,600.685373
ODP689,IAR,33.739185,1144.442044
ODP689,IAR,33.813765,622.8891862
ODP689,IAR,33.885171,433.3921149
ODP689,IAR,33.970859,395.2780505
ODP689,IAR,34.048612,521.4650845
ODP689,IAR,34.215227,199.2175741
ODP689,IAR,34.286633,91.85548202
ODP689,IAR,34.440554,343.1900631
ODP689,IAR,34.516721,356.9399145
ODP689,IAR,34.673815,782.281696
ODP689,IAR,35.027673,236.6086164
ODP689,IAR,35.116534,283.5108174
ODP689,IAR,35.191114,256.5426993
ODP689,IAR,35.270454,242.0839506
ODP689,IAR,35.348208,1007.878225
ODP689,IAR,35.429135,926.9802295
ODP689,IAR,35.508475,412.6521826
ODP689,IAR,35.587816,286.4938209
ODP689,IAR,35.654462,764.8103723
ODP689,IAR,35.7958,263.8451572
ODP689,IAR,35.8442,350.2147604
ODP689,IAR,35.9003,383.9905723
ODP689,IAR,35.9553,288.0267713
ODP689,IAR,36.0114,742.5478715
ODP689,IAR,36.0631,688.4839473
ODP689,IAR,36.1181,377.6244329
ODP689,IAR,36.172,219.6989851
ODP689,IAR,36.2314,401.4895941
ODP689,IAR,36.2864,435.373419
ODP689,IAR,36.3403,554.7198593
ODP689,IAR,36.3986,269.5584174
ODP689,IAR,36.4503,383.4867198
ODP689,IAR,36.5042,840.9961905
ODP689,IAR,36.5548,852.522438
ODP689,IAR,36.6142,334.2003953
ODP689,IAR,36.6703,288.7514472
ODP689,IAR,36.8944,128.9479489
ODP689,IAR,37.054669,130.0922597
ODP689,IAR,37.142866,222.6151835
ODP689,IAR,37.222244,269.0645989
ODP689,IAR,37.319261,180.1717726
ODP689,IAR,37.405694,155.0467528
ODP689,IAR,37.493891,138.4466138
ODP689,IAR,37.582088,453.8403532
ODP689,IAR,37.710856,821.3733685
ODP689,IAR,37.795525,653.4059533
ODP689,IAR,37.880195,1971.59407
ODP689,IAR,37.97192,1585.478625
ODP689,IAR,38.060117,1453.906021
ODP689,IAR,38.14655,2459.643163
ODP689,IAR,38.236511,3578.300215
ODP689,IAR,38.324708,2110.036848
ODP689,IAR,38.470515,616.1394678
ODP689,IAR,38.62,1214.75847
ODP689,IAR,38.766406,886.7371745
ODP689,IAR,38.906956,525.5501425
ODP689,IAR,39.059218,1804.197356
ODP689,IAR,39.205624,452.4067303
ODP689,IAR,39.346173,584.3828663
ODP689,IAR,39.498436,1446.201856
ODP689,IAR,39.644841,1301.087878
ODP689,IAR,39.785391,786.9577656
ODP689,IAR,39.937653,1183.590755
ODP689,IAR,40.163118,1059.308023
ODP689,IAR,40.289027,578.9899532
ODP689,IAR,40.426649,266.5675739
ODP689,IAR,40.581839,1201.061261
ODP689,IAR,40.73703,417.8009138
ODP689,IAR,40.868795,912.7005507
ODP689,IAR,41.012273,1033.819444
ODP689,IAR,41.167463,695.0217619
ODP689,IAR,41.305085,1479.057275
ODP689,IAR,41.481381,2233.422789
ODP689,Si,25.526638,18.46293026
ODP689,Si,26.773504,28.94553224
ODP689,Si,28.205421,17.71879236
ODP689,Si,29.642332,4.631685609
ODP689,Si,31.674649,32.41384095
ODP689,Si,33.272663,16.03588892
ODP689,Si,34.799172,24.82279371
ODP689,Si,35.352968,18.70547638
ODP689,Si,35.7925,15.44256163
ODP689,Si,36.1203,41.77454545
ODP689,Si,36.5086,14.46545455
ODP689,Si,37.410986,2.960540168
ODP689,Si,37.707328,2.76596635
ODP689,Si,38.335979,8.587411775
ODP689,Si,39.205624,6.04555882
ODP689,Si,40.142622,2.212000453
ODP689,Si,40.804376,3.209573346
ODP689,Si,41.255307,4.640856362
ODP689,Si,41.774561,5.118702985
ODP689,Si,42.357113,5.16870597
ODP689,Si,42.627448,5.070209185
ODP689,Ba,25.526638,7.910264615
ODP689,Ba,26.773504,12.57742853
ODP689,Ba,28.205421,9.870873801
ODP689,Ba,29.642332,11.27043498
ODP689,Ba,31.674649,9.661988755
ODP689,Ba,33.272663,8.188539024
ODP689,Ba,34.799172,9.26917614
ODP689,Ba,35.352968,9.680566129
ODP689,Ba,35.7925,9.026646524
ODP689,Ba,36.1203,8.215272727
ODP689,Ba,36.5086,9.689727273
ODP689,Ba,37.410986,3.647385487
ODP689,Ba,37.707328,4.486262494
ODP689,Ba,38.335979,6.467636256
ODP689,Ba,39.205624,3.61831207
ODP689,Ba,40.142622,3.560887003
ODP689,Ba,40.804376,3.812452664
ODP689,Ba,41.255307,5.647098115
ODP689,Ba,41.774561,4.436209254
ODP689,Ba,42.357113,2.687727104
ODP689,Ba,42.627448,1.828348161
ODP748,IAR,27.39148629,257.859488
ODP748,IAR,27.48563929,386.6452748
ODP748,IAR,27.57313501,172.7858645
ODP748,IAR,27.67774946,107.297313
ODP748,IAR,27.76904934,303.5854606
ODP748,IAR,27.86415338,106.0781161
ODP748,IAR,27.95925743,274.2244898
ODP748,IAR,28.05436147,524.88105
ODP748,IAR,28.1513676,199.8557228
ODP748,IAR,28.24647164,260.366157
ODP748,IAR,28.3396736,201.0711921
ODP748,IAR,28.43287557,97.56738898
ODP748,IAR,28.52988169,117.4170283
ODP748,IAR,28.62498573,395.8795946
ODP748,IAR,28.72008978,145.6120625
ODP748,IAR,28.78666261,101.4849805
ODP748,IAR,28.88176665,212.8343909
ODP748,IAR,28.9768707,281.4959159
ODP748,IAR,29.07197474,101.7362588
ODP748,IAR,29.16707878,520.5599139
ODP748,IAR,29.19941416,336.6349871
ODP748,IAR,29.2945182,381.9130121
ODP748,IAR,29.38581808,177.2439257
ODP748,IAR,29.48092213,297.143486
ODP748,IAR,29.57602617,468.7847322
ODP748,IAR,29.67493438,111.1693502
ODP748,IAR,29.76623426,296.637463
ODP748,IAR,29.8613383,337.1721533
ODP748,IAR,29.96024651,351.3207609
ODP748,IAR,30.05154639,108.5788957
ODP748,IAR,30.14665044,131.1290403
ODP748,IAR,30.2398524,451.1731495
ODP748,IAR,30.33685852,377.9680835
ODP748,IAR,30.43196257,72.64080654
ODP748,IAR,30.52516453,505.3547394
ODP748,IAR,30.56510823,65.06269851
ODP748,IAR,30.66021227,303.5821056
ODP748,IAR,30.75531632,201.0466639
ODP748,IAR,30.85042036,344.5165547
ODP748,IAR,30.9455244,299.1715218
ODP748,IAR,30.99688059,215.3694947
ODP748,IAR,31.09769087,110.1411372
ODP748,IAR,31.18708868,173.2197388
ODP748,IAR,31.28789896,225.7522021
ODP748,IAR,31.38300301,91.49037385
ODP748,IAR,31.49712786,100.2831498
ODP748,IAR,31.57130901,105.4063064
ODP748,IAR,31.66641306,82.02853086
ODP748,IAR,31.78243999,477.3354471
ODP748,IAR,31.85662114,104.8330784
ODP748,IAR,31.94982311,120.8037326
ODP748,IAR,32.04682923,97.23027726
ODP748,IAR,32.13812911,214.2826678
ODP748,IAR,32.23703732,81.24762314
ODP748,IAR,32.3330924,53.81143242
ODP748,IAR,32.42914749,85.2009344
ODP748,IAR,32.52234945,57.95053971
ODP748,IAR,32.61935557,204.1712595
ODP748,IAR,32.71541066,56.2936187
ODP748,IAR,32.80766158,76.22439266
ODP748,IAR,32.80956366,181.6557353
ODP748,IAR,32.90466771,72.48270659
ODP748,IAR,33.01689048,188.7910997
ODP748,IAR,33.09297371,149.9410639
ODP748,IAR,33.193784,146.5515869
ODP748,IAR,33.28508388,145.8831288
ODP748,IAR,33.3630692,165.9621271
ODP748,IAR,33.48670445,176.2623087
ODP748,IAR,33.56564081,237.2496238
ODP748,IAR,33.67310838,125.175245
ODP748,IAR,33.77391867,172.750068
ODP748,IAR,33.86046335,66.69661539
ODP748,IAR,33.94320387,97.19257916
ODP748,IAR,34.04591623,121.7735566
ODP748,IAR,34.13721611,59.18448372
ODP748,IAR,34.24373264,115.3210461
ODP748,IAR,34.33883669,143.0907414
ODP748,IAR,34.41967512,271.54072
ODP748,IAR,34.51002397,103.894359
ODP748,IAR,34.60893217,58.54526775
ODP748,IAR,34.70784038,150.2554917
ODP748,IAR,34.80294442,99.46458773
ODP748,IAR,34.89614638,146.7743674
ODP748,IAR,34.99125043,56.23938474
ODP748,IAR,35.08825655,182.3826383
ODP748,IAR,35.17480123,65.07845535
ODP748,IAR,35.27941568,142.2237485
ODP748,IAR,35.37547077,94.69984993
ODP748,IAR,35.46296649,97.96984048
ODP748,IAR,35.55902157,118.0789624
ODP748,IAR,35.66268498,220.1049673
ODP748,IAR,35.75208278,239.4358507
ODP748,IAR,35.84338266,245.2890824
ODP748,IAR,35.94038879,87.91355199
ODP748,IAR,35.99364705,117.750169
ODP748,IAR,36.0982615,100.0681857
ODP748,IAR,36.17054057,148.0054234
ODP748,IAR,36.26564462,155.399221
ODP748,IAR,36.53193594,157.8855853
ODP748,IAR,36.61372542,149.5251981
ODP748,IAR,36.70882946,104.7859341
ODP748,IAR,36.8039335,62.69984747
ODP748,IAR,36.89523339,126.3257718
ODP748,IAR,36.99223951,351.0201908
ODP748,IAR,37.10826644,70.94502563
ODP748,IAR,37.1824476,123.3937623
ODP748,IAR,37.27374748,67.58713596
ODP748,IAR,37.38787233,209.6108209
ODP748,IAR,37.46395557,70.46619095
ODP748,IAR,37.56476585,98.74562176
ODP748,IAR,37.66177198,158.4931447
ODP748,IAR,37.7540229,82.2692785
ODP748,IAR,37.83105718,185.5548228
ODP748,IAR,37.92616122,210.7383903
ODP748,IAR,37.99844029,278.9803763
ODP748,IAR,38.08403393,241.9717118
ODP748,IAR,38.22669,102.3401079
ODP748,IAR,38.33320653,95.27678352
ODP748,IAR,38.41499601,96.10954111
ODP748,IAR,38.51010005,224.2932312
ODP748,IAR,38.62707802,158.2479099
ODP748,IAR,38.70601438,137.0368874
ODP748,IAR,38.79731426,194.2100329
ODP748,IAR,38.90953703,376.7357824
ODP748,IAR,38.98562027,64.77716625
ODP748,IAR,39.08072431,54.34223333
ODP748,IAR,39.1815346,64.74508916
ODP748,IAR,39.27473656,88.41044959
ODP748,IAR,39.35272188,194.5790979
ODP748,IAR,39.45543425,167.3016951
ODP748,IAR,39.54292997,107.8529254
ODP748,IAR,39.64469129,339.0398406
ODP748,IAR,39.72933389,392.2251266
ODP748,IAR,39.8282421,128.6244293
ODP748,IAR,39.9176399,152.6462791
ODP748,IAR,40.01845018,109.677554
ODP748,IAR,40.02035227,57.42885919
ODP748,IAR,40.13542816,47.41242008
ODP748,IAR,40.21056035,73.21639124
ODP748,IAR,40.32088104,225.5538515
ODP748,IAR,40.40837676,101.8748413
ODP748,IAR,40.51013809,63.07259685
ODP748,IAR,40.60809526,83.31055948
ODP748,IAR,40.68417849,150.330686
ODP748,IAR,40.79449918,71.72295359
ODP748,IAR,40.88770115,390.0368672
ODP748,IAR,40.99421767,87.89616905
ODP748,IAR,41.07790923,91.27792243
ODP748,IAR,41.18442576,157.2473412
ODP748,IAR,41.26811732,395.1180807
ODP748,IAR,41.36131928,250.9645128
ODP748,IAR,41.40506714,66.94895808
ODP748,IAR,41.49826911,166.3624949
ODP748,IAR,41.58956899,174.5354658
ODP748,IAR,41.68847719,177.0586891
ODP748,IAR,41.78548332,147.0114188
ODP744,Si,30.619038,21.180024
ODP744,Si,30.625447,13.83534505
ODP744,Si,30.633458,20.95544926
ODP744,Si,30.640667,15.97731236
ODP744,Si,30.647877,14.97462141
ODP744,Si,30.656689,18.73497031
ODP744,Si,30.663098,23.9876284
ODP744,Si,30.672711,18.83203628
ODP744,Si,30.67992,25.31995556
ODP744,Si,30.688732,18.86465634
ODP744,Si,30.70155,24.48700475
ODP744,Si,30.704754,23.87740157
ODP744,Si,30.713566,27.55396584
ODP744,Si,30.721577,21.70835068
ODP744,Si,30.729588,23.74976019
ODP744,Si,30.739201,24.29454744
ODP744,Si,30.745609,28.55469841
ODP744,Si,30.75362,19.49402458
ODP744,Si,30.761631,28.15925837
ODP744,Si,30.768841,17.22268447
ODP744,Si,30.778454,28.35284462
ODP744,Si,30.784061,21.71829844
ODP744,Si,30.79047,27.83904765
ODP744,Si,30.800884,25.43938387
ODP744,Si,30.809696,29.76856422
ODP744,Si,30.820911,25.03907291
ODP744,Si,30.825718,25.59179273
ODP744,Si,30.832928,22.35953737
ODP744,Si,30.839336,28.4221267
ODP744,Si,30.848949,27.78127885
ODP744,Si,30.856159,24.41423815
ODP744,Si,30.864971,24.800701
ODP744,Si,30.873783,27.91924877
ODP744,Si,30.880993,25.43203762
ODP744,Si,30.889805,24.95351108
ODP744,Si,30.899418,22.18216383
ODP744,Si,30.905025,16.29626222
ODP744,Si,30.913036,16.97897857
ODP744,Si,30.921047,17.37635751
ODP744,Si,30.929859,21.75986136
ODP744,Si,30.94508,20.14369109
ODP744,Si,30.946682,23.68686811
ODP744,Si,30.95309,21.11109207
ODP744,Si,30.9603,22.35607701
ODP744,Si,30.965107,26.15346969
ODP744,Si,30.96751,24.73491822
ODP744,Si,30.976322,25.1188064
ODP744,Si,30.979526,28.63451618
ODP744,Si,30.984333,21.13697186
ODP744,Si,30.993145,22.0925708
ODP744,Si,31.001957,24.30780638
ODP744,Si,31.009166,22.87739267
ODP744,Si,31.017978,21.99989421
ODP744,Si,31.025188,22.67219305
ODP744,Si,31.032398,28.79476998
ODP744,Si,31.047306,18.81031365
ODP744,Si,31.063568,13.66888076
ODP744,Si,31.081309,14.17372494
ODP744,Si,31.093136,11.67331859
ODP744,Si,31.107921,12.55876604
ODP744,Si,31.115313,13.75349095
ODP744,Si,31.128618,12.98645444
ODP744,Si,31.134532,12.52775202
ODP744,Si,31.158187,19.08791419
ODP744,Si,31.174449,18.83569057
ODP744,Si,31.187755,21.19999185
ODP744,Si,31.201061,17.74408971
ODP744,Si,31.217323,25.6092769
ODP744,Si,31.239499,14.93208301
ODP744,Si,31.246891,15.81256191
ODP744,Si,31.261675,14.90097403
ODP744,Si,31.277938,12.80510872
ODP744,Si,31.288287,11.9054742
ODP744,Si,31.307506,19.8562638
ODP744,Si,31.32229,19.60716808
ODP744,Si,31.331161,20.10488528
ODP744,Si,31.353337,20.93196576
ODP744,Si,31.365164,20.7983315
ODP744,Si,31.381427,21.44333764
ODP744,Si,31.394733,22.60883265
ODP744,Si,31.405081,25.28151922
ODP744,Si,31.416909,25.49370322
ODP744,Si,31.450856,24.6906793
ODP744,Si,31.465335,27.88348225
ODP744,Si,31.475471,32.96184378
ODP744,Si,31.491398,33.75891532
ODP744,Si,31.505877,40.36174859
ODP744,Si,31.517461,25.18605792
ODP744,Si,31.533388,26.78162736
ODP744,Si,31.549315,28.69164873
ODP744,Si,31.562346,31.25467616
ODP744,Si,31.575378,30.92558417
ODP744,Si,31.584065,32.64511361
ODP744,Si,31.605784,35.22284466
ODP744,Si,31.620264,45.28509641
ODP744,Si,31.633295,57.55314265
ODP744,Si,31.65067,69.6411674
ODP744,Si,31.662253,74.60048145
ODP744,Si,31.678181,61.08131991
ODP744,Si,31.694108,60.39372353
ODP744,Si,31.707139,41.35903183
ODP744,Si,31.723066,47.71128737
ODP744,Si,31.736098,44.58114232
ODP744,Si,31.746233,44.6609014
ODP744,Si,31.765056,40.87966275
ODP744,Si,31.779536,47.47908177
ODP744,Si,31.794015,37.90682672
ODP744,Si,31.812838,37.83193417
ODP744,Si,31.824421,37.6376044
ODP744,Si,31.838901,45.92695989
ODP744,Si,31.851932,47.21210648
ODP744,Si,31.867859,42.83034876
ODP744,Si,31.879443,32.48642726
ODP744,Si,31.885234,35.12768193
ODP744,Si,31.899714,42.15887186
ODP744,Si,31.909849,55.65459782
ODP744,Si,31.925776,39.81982862
ODP744,Si,31.938808,41.3390772
ODP744,Si,31.957631,40.59010049
ODP744,Si,31.967766,48.46922958
ODP744,Si,31.975006,52.82800106
ODP744,Si,31.990933,57.84802111
ODP744,Si,31.996725,65.10087661
ODP744,Si,32.012652,68.69772525
ODP744,Si,32.030027,66.00132137
ODP744,Si,32.044506,67.19507395
ODP744,Si,32.05609,55.84138865
ODP744,Si,32.067673,50.55456144
ODP744,Si,32.0836,54.72531907
ODP744,Si,32.096632,58.04478781
ODP744,Si,32.112559,44.64580816
ODP744,Si,32.124142,45.98897702
ODP744,Si,32.141517,58.0381295
ODP744,Si,32.157445,63.51723602
ODP744,Si,32.183507,75.63217854
ODP744,Si,32.199435,73.97403652
ODP744,Si,32.213914,55.80260814
ODP744,Si,32.228393,74.09155489
ODP744,Si,32.247216,70.77681116
ODP744,Si,32.257352,68.57421574
ODP744,Si,32.273279,74.71499421
ODP744,Si,32.28631,103.8450169
ODP744,Si,32.300789,99.39331765
ODP744,Si,32.313821,105.728284
ODP744,Si,32.319612,110.8438355
ODP744,Si,32.334092,86.17397363
ODP744,Si,32.344227,85.13997208
ODP744,Si,32.360154,87.6660784
ODP744,Si,32.373186,100.7275869
ODP744,Si,32.389113,114.4332287
ODP744,Si,32.402144,116.1073801
ODP744,Si,32.418072,83.93037927
ODP744,Si,32.431103,41.45951926
ODP744,Si,32.444134,28.49293927
ODP744,Si,32.452822,41.51951862
ODP744,Si,32.468749,46.98902626
ODP744,Si,32.478884,52.6237593
ODP744,Si,32.48902,64.41069647
ODP744,Si,32.502051,63.77979439
ODP744,Si,32.517979,58.21181413
ODP744,Si,32.53101,49.52922336
ODP744,Si,32.546937,47.86311858
ODP744,Si,32.562864,51.63336906
ODP744,Si,32.575896,44.27378129
ODP744,Si,32.591823,45.95977287
ODP744,Si,32.60775,51.93228562
ODP744,Si,32.619333,58.19768537
ODP744,Si,32.633813,60.67723369
ODP744,Si,32.648292,71.90697933
ODP744,Si,32.662771,70.80044944
ODP744,Si,32.680146,46.28566166
ODP744,Si,32.69173,69.07035241
ODP744,Si,32.707657,61.15109427
ODP744,Si,32.720688,48.24424062
ODP744,Si,32.727928,52.76779488
ODP744,Si,32.748199,61.03525532
ODP744,Si,32.753991,54.34486959
ODP744,Si,32.76847,61.80987593
ODP744,Si,32.778605,67.37147822
ODP744,Si,32.793085,64.57127322
ODP744,Si,32.807564,77.91275736
ODP744,Si,32.823491,63.90647979
ODP744,Si,32.824939,56.59552198
ODP744,Si,32.856882,31.08943514
ODP744,Si,32.865753,23.98923054
ODP744,Si,32.880537,25.70013477
ODP744,Si,32.893843,28.58853284
ODP744,Si,32.910105,43.07264116
ODP744,Si,32.918976,49.80347241
ODP744,Si,32.939673,34.95649812
ODP744,Si,32.954458,38.23817867
ODP744,Si,32.96185,42.21773411
ODP744,Si,32.966285,40.68916126
ODP744,Si,32.984026,29.93010498
ODP744,Si,32.99881,30.29385282
ODP744,Si,33.015072,42.63784885
ODP744,Si,33.028378,30.90384688
ODP744,Si,33.043162,28.44776241
ODP744,Si,33.057946,23.77684449
ODP744,Si,33.072731,27.64186676
ODP744,Si,33.087515,33.01674107
ODP744,Si,33.103777,43.99525792
ODP744,Si,33.117083,26.12353475
ODP744,Si,33.130389,30.04899424
ODP744,Si,33.139259,30.29503179
ODP744,Si,33.155522,27.63807926
ODP744,Si,33.162932,50.70526415
ODP744,Si,33.16664,45.62780088
ODP744,Si,33.172572,66.56626729
ODP744,Si,33.181471,80.71654708
ODP744,Si,33.190369,105.9770686
ODP744,Si,33.196302,122.3666224
ODP744,Si,33.204459,105.8652221
ODP744,Si,33.211133,103.2438616
ODP744,Si,33.21929,133.5559413
ODP744,Si,33.228188,118.6589632
ODP744,Si,33.235604,116.3050834
ODP744,Si,33.240794,104.7839088
ODP744,Si,33.245985,117.9466438
ODP744,Si,33.255625,130.7566027
ODP744,Si,33.261558,143.7344432
ODP744,Si,33.270456,124.8106138
ODP744,Si,33.275647,122.1705916
ODP744,Si,33.285287,153.0011539
ODP744,Si,33.293444,179.2941289
ODP744,Si,33.301601,187.6129083
ODP744,Si,33.303084,184.4646325
ODP744,Si,33.308275,209.9424467
ODP744,Si,33.314949,194.1460883
ODP744,Si,33.320881,148.34811
ODP744,Si,33.329779,138.5055975
ODP744,Si,33.335712,156.0410623
ODP744,Si,33.340161,134.2866618
ODP744,Si,33.34461,137.7047272
ODP744,Si,33.352767,121.6127551
ODP744,Si,33.359441,114.6495322
ODP744,Si,33.367598,107.0023431
ODP744,Si,33.376497,131.0703917
ODP744,Si,33.381687,138.1443314
ODP744,Si,33.389844,200.6289766
ODP744,Si,33.395777,171.4538075
ODP744,Si,33.403934,158.9872845
ODP744,Si,33.413574,132.8430507
ODP744,Si,33.418765,144.9473887
ODP744,Si,33.422472,121.2542765
ODP744,Si,33.455842,122.8655246
ODP744,Si,33.463999,119.9522388
ODP744,Si,33.469931,140.7074212
ODP744,Si,33.477346,101.7527327
ODP744,Si,33.482537,76.25019661
ODP744,Si,33.492919,134.2938536
ODP744,Si,33.501076,95.17115306
ODP744,Si,33.511457,88.07716315
ODP744,Si,33.515907,85.12581145
ODP744,Si,33.51739,97.20582394
ODP744,Si,33.524064,103.744394
ODP744,Si,33.529996,81.82831808
ODP744,Si,33.53667,76.52758729
ODP744,Si,33.543344,73.99051704
ODP744,Si,33.552242,68.94016826
ODP744,Si,33.558916,90.97402372
ODP744,Si,33.561882,78.34859972
ODP744,Si,33.569298,91.471978
ODP744,Si,33.574488,75.3775018
ODP744,Si,33.581904,84.03341806
ODP744,Si,33.589319,103.6228107
ODP744,Si,33.59451,108.0367887
ODP744,Si,33.60415,89.12144178
ODP744,Si,33.610824,74.74905244
ODP744,Si,33.618981,88.88561592
ODP744,Si,33.625655,70.2079765
ODP744,Si,33.635295,74.99913985
ODP744,Si,33.640486,55.29556967
ODP744,Si,33.648643,70.08974203
ODP744,Si,33.653834,61.94876987
ODP744,Si,33.663474,110.5904094
ODP744,Si,33.665698,115.4896197
ODP744,Si,33.675338,129.6432009
ODP744,Si,33.678304,138.265592
ODP744,Si,33.684978,172.2863263
ODP744,Si,33.692394,135.6442152
ODP744,Si,33.699809,106.6371255
ODP744,Si,33.706428,91.1870589
ODP744,Si,33.722139,46.85929785
ODP744,Si,33.732137,52.36341018
ODP744,Si,33.843541,6.546008585
ODP744,Si,33.857823,5.946163449
ODP744,Si,33.869249,5.409086406
ODP744,Si,33.880675,6.859458272
ODP744,Si,33.896386,4.607291747
ODP744,Si,33.904956,7.918494749
ODP744,Si,33.922095,8.838169014
ODP744,Si,33.937806,12.73632433
ODP744,Si,33.952088,13.18202946
ODP744,Si,33.969227,16.48675697
ODP744,Si,33.986366,14.93932923
ODP744,Si,34.000649,13.02405275
ODP744,Si,34.010647,9.753975977
ODP744,Si,34.026358,12.39195638
ODP744,Si,34.04064,8.333953737
ODP744,Si,34.052066,7.787525527
ODP744,Si,34.067777,6.179634014
ODP744,Si,34.083488,5.915077334
ODP744,Si,34.096342,4.216221268
ODP744,Si,34.109196,7.595349732
ODP744,Si,34.117766,6.02928779
ODP744,Si,34.137762,6.198848012
ODP744,Si,34.153472,5.496365797
ODP744,Si,34.166327,7.395589689
ODP744,Si,34.182038,5.674076762
ODP744,Si,34.199177,7.44629378
ODP744,Si,34.210603,5.852997461
ODP744,Si,34.224885,7.478650557
ODP744,Si,34.239168,5.216372352
ODP744,Si,34.243453,7.2779688
ODP744,Si,34.259163,7.148242239
ODP744,Si,34.277731,4.433298321
ODP744,Si,34.2863,6.658978321
ODP744,Si,34.296298,4.445461576
ODP744,Si,34.309152,6.53258182
ODP744,Si,34.324863,4.761717243
ODP744,Si,34.337717,7.528946751
ODP744,Si,34.353428,5.229837471
ODP744,Si,34.366283,6.811199596
ODP744,Si,34.381993,4.351558534
ODP744,Si,34.397704,6.16579881
ODP744,Si,34.413415,4.295704736
ODP744,Si,34.427698,7.240393857
ODP744,Si,34.439124,4.900590891
ODP744,Si,34.454834,7.309576703
ODP744,Si,34.467689,5.573313886
ODP744,Si,34.480543,6.022999562
ODP744,Si,34.496254,4.364151444
ODP744,Si,34.511965,5.865845586
ODP744,Si,34.524819,3.60827475
ODP744,Si,34.544815,5.33331189
ODP744,Si,34.566238,5.029414011
ODP744,Si,34.581949,3.075869879
ODP744,Si,34.596232,4.348994036
ODP744,Si,34.610514,3.297834104
ODP744,Si,34.626225,6.292113806
ODP744,Si,34.639079,2.396011146
ODP744,Si,34.653362,5.238389991
ODP744,Si,34.667645,4.787008926
ODP744,Si,34.671929,5.161309524
ODP744,Si,34.683355,5.681668072
ODP744,Si,34.694781,5.679410595
ODP744,Si,34.700494,3.735711747
ODP744,Si,34.714777,6.048633786
ODP744,Si,34.724775,5.30009661
ODP744,Si,34.737629,5.894912797
ODP744,Si,34.75334,4.921994144
ODP744,Si,34.767623,5.739357978
ODP744,Si,34.780477,5.439066368
ODP744,Si,34.797616,6.254787327
ODP744,Si,34.81047,4.253844029
ODP744,Si,34.826181,6.360434909
ODP744,Si,34.839035,7.049711663
ODP744,Si,34.854746,5.86534439
ODP744,Si,34.8676,6.029201805
ODP744,Si,34.883311,5.969619193
ODP744,Si,34.896166,6.512541024
ODP744,Si,34.90902,5.692406477
ODP744,Si,34.924731,7.07716157
ODP744,Si,34.940442,6.56188203
ODP744,Si,34.953296,6.652828447
ODP744,Si,34.969007,6.056853433
ODP744,Si,34.97472,5.909277788
ODP744,Si,34.994715,5.31323811
ODP744,Si,35.008833,6.099886123
ODP744,Si,35.033417,6.940291246
ODP744,Si,35.049396,5.967392953
ODP744,Si,35.058,6.430154114
ODP744,Si,35.070292,6.62658849
ODP744,Si,35.082583,6.369750224
ODP744,Si,35.093646,5.653150088
ODP744,Si,35.101021,6.209234441
ODP744,Si,35.114542,5.675875411
ODP744,Si,35.125604,5.871623525
ODP744,Si,35.139125,5.794366541
ODP744,Si,35.150188,6.082791338
ODP744,Si,35.160021,6.002222255
ODP744,Si,35.167396,6.010358935
ODP886,IAR,22.7122,1372.055547
ODP886,IAR,22.9802,1238.675138
ODP886,IAR,23.1142,981.1913889
ODP886,IAR,23.2482,852.2492236
ODP886,IAR,23.3822,1193.33841
ODP886,IAR,23.5162,1089.616557
ODP886,IAR,23.6502,1077.793372
ODP886,IAR,23.7842,837.3098291
ODP886,IAR,23.9182,1118.483366
ODP886,IAR,24.0522,1081.777491
ODP886,IAR,24.1862,749.2614
ODP886,IAR,24.3202,916.3060649
ODP886,IAR,24.4542,1065.252315
ODP886,IAR,24.5882,719.8848421
ODP886,IAR,24.7222,330.2610928
ODP886,IAR,24.8562,690.6223464
ODP886,IAR,24.9902,473.3612297
ODP886,IAR,25.1242,535.832045
ODP886,IAR,25.2582,459.8744748
ODP886,IAR,25.3922,680.4173548
ODP886,IAR,25.5262,504.3178946
ODP886,IAR,25.6596,308.9413042
ODP886,IAR,25.7916,624.4543293
ODP886,IAR,25.9236,339.654928
ODP886,IAR,26.0556,360.0513868
ODP886,IAR,26.1876,392.0407839
ODP886,IAR,26.3202,345.4685568
ODP886,IAR,26.4542,412.470288
ODP886,IAR,26.5882,387.8242474
ODP886,IAR,26.7222,385.4953041
ODP886,IAR,26.9902,319.9783163
ODP886,IAR,27.1242,547.2350439
ODP886,IAR,27.2582,327.1920771
ODP886,IAR,27.3922,619.028816
ODP886,IAR,27.5262,523.5503191
ODP886,IAR,27.6602,635.9326749
ODP886,IAR,27.7942,532.2338057
ODP886,IAR,27.9282,495.2367551
ODP886,IAR,28.0622,674.0974553
ODP886,IAR,28.1962,537.7121953
ODP886,IAR,28.3302,527.2111682
ODP886,IAR,28.4642,746.3393622
ODP886,IAR,28.5982,848.1319178
ODP886,IAR,28.7322,491.1075293
ODP886,IAR,28.8662,771.9867457
ODP886,IAR,29.0002,638.5408029
ODP886,IAR,29.1342,672.6910977
ODP886,IAR,29.2682,532.6612755
ODP886,IAR,29.4022,322.2705594
ODP886,IAR,29.5362,546.8015877
ODP886,IAR,29.67,482.6089002
ODP886,IAR,29.803333,384.5004816
ODP886,IAR,29.936667,370.9646148
ODP886,IAR,30.07,416.6816254
ODP886,IAR,30.203333,497.0172066
ODP886,IAR,30.336667,419.8968766
ODP886,IAR,30.47,674.9832866
ODP886,IAR,31.003333,290.0202951
ODP886,IAR,31.136667,671.5596494
ODP886,IAR,31.27,890.0834819
ODP886,IAR,31.403333,856.8934607
ODP886,IAR,31.536667,718.4452021
ODP886,IAR,31.6702,1015.769299
ODP886,IAR,31.8042,525.4367614
ODP886,IAR,31.9382,1032.007617
ODP886,IAR,32.0722,797.1042909
ODP886,IAR,32.2062,722.0143875
ODP886,IAR,32.3402,840.033664
ODP886,IAR,32.4742,1050.166609
ODP886,IAR,32.6082,1547.801317
ODP886,IAR,32.7422,549.7023007
ODP886,IAR,32.8762,669.8576737
ODP886,IAR,33.0102,668.0317197
ODP886,IAR,33.1442,524.1623059
ODP886,IAR,33.298994,638.8642723
ODP886,IAR,33.502304,582.4845222
ODP886,IAR,34.133577,185.3600949
ODP886,IAR,35.662955,136.6369105
IODP1406,IAR,28.42562697,6522.077985
IODP1406,IAR,28.47949418,3260.226241
IODP1406,IAR,28.5333614,3884.368687
IODP1406,IAR,28.58722861,3255.608919
IODP1406,IAR,28.64109582,2555.122175
IODP1406,IAR,28.8522553,9170.408802
IODP1406,IAR,28.90719986,3339.898507
IODP1406,IAR,28.95998973,7801.782348
IODP1406,IAR,29.01385695,6834.486829
IODP1406,IAR,29.06880151,6721.787327
IODP1406,IAR,29.12159138,3114.241261
IODP1406,IAR,29.17545859,2915.177431
IODP1406,IAR,29.2293258,3696.093618
IODP1406,IAR,29.28265435,5847.167878
IODP1406,IAR,29.33706023,2872.245787
IODP1406,IAR,29.39092745,4889.512319
IODP1406,IAR,29.44587201,3091.174989
IODP1406,IAR,29.49866188,3223.49099
IODP1406,IAR,29.55252909,3083.12844
IODP1406,IAR,29.60801232,3771.189783
IODP1406,IAR,29.66134086,3096.095433
IODP1406,IAR,29.71574675,1476.775405
IODP1406,IAR,29.82294251,1170.953555
IODP1406,IAR,29.87734839,3735.080693
IODP1406,IAR,29.9342421,2786.098917
IODP1406,IAR,30.00224455,1141.808391
IODP1406,IAR,30.10470826,3484.418181
IODP1406,IAR,30.17108624,7039.178992
IODP1406,IAR,30.23616269,4680.578292
IODP1406,IAR,30.30123914,6233.139355
IODP1406,IAR,30.5771633,2755.088026
IODP1406,IAR,30.64223976,4196.037369
IODP1406,IAR,30.97804427,1794.190441
IODP1406,IAR,31.07717766,2702.681099
IODP1406,IAR,31.14674348,3735.873674
IODP1406,IAR,31.24338075,3794.001218
IODP1406,IAR,31.38330346,5380.784674
IODP1406,IAR,31.45779469,2386.459911
IODP1406,IAR,31.55644523,2015.475218
IODP1406,IAR,31.65710906,7222.301476
IODP1406,IAR,31.82723092,3134.593369
IODP1406,IAR,31.9268881,3031.660105
IODP1406,IAR,32.02755192,3737.537519
IODP1406,IAR,32.13022902,3304.961661
IODP1406,IAR,32.22887956,1005.352541
IODP1406,IAR,32.47349265,6510.618538
IODP1406,IAR,32.57415647,9898.580574
IODP1406,IAR,32.67482029,2759.254399
IODP1406,IAR,32.77548412,2061.147485
IODP1406,IAR,32.87614794,3660.335276
IODP1406,IAR,32.97681176,6118.434647
IODP1406,IAR,33.07970353,3856.748829
IODP1406,IAR,33.18874869,2509.477291
IODP1406,IAR,33.29164046,3770.532697
IODP1406,IAR,33.40291356,1801.851782
IODP1406,IAR,33.51418667,1239.769209
IODP1406,IAR,33.83242775,2229.148523
IODP1406,IAR,33.94370086,1717.638476
IODP1406,IAR,34.05497397,3162.383753
IODP1406,IAR,34.16624707,2080.785155
IODP1406,IAR,34.27752018,1580.04576
IODP1406,IAR,34.38879328,2003.721399
IODP1406,IAR,34.60911403,1014.525133
IODP1406,IAR,34.71927441,2267.971918
IODP1406,IAR,34.83054751,1594.200283
IODP1406,IAR,34.94293335,1953.651239
IODP1406,IAR,34.9985699,1370.813237
IODP1406,IAR,35.13321036,3046.553121
IODP1406,IAR,35.24448347,1913.771437
IODP1406,IAR,35.35575657,1945.980596
IODP1406,IAR,35.46702968,1745.616418
IODP1406,IAR,35.57830279,1313.187468
IODP1406,IAR,35.80752538,2345.488242
IODP1406,IAR,35.91879849,1801.828269
IODP1406,IAR,36.0300716,765.089722
IODP1406,IAR,36.1413447,815.0215134
IODP1406,IAR,36.25261781,2257.962665
IODP1406,IAR,36.36389091,1478.223442
IODP1406,IAR,36.47516402,1723.299207
IODP1406,IAR,36.58643713,1501.433243
IODP1406,IAR,37.0404314,2001.634925
IODP1406,IAR,37.1517045,1197.055161
IODP1406,IAR,37.26297761,1347.841077
IODP1406,IAR,37.29302135,1415.260531
IODP1406,IAR,37.3809271,611.7408634
IODP1406,IAR,36.93360922,891.2311035
IODP1406,IAR,37.04488232,1518.327331
IODP1406,IAR,37.15615543,1849.601993
IODP1406,IAR,37.26742853,2096.687234
IODP1406,IAR,37.63240432,797.4265384
IODP1406,IAR,37.74367743,859.8211521
IODP1406,IAR,37.85495053,1270.014602
IODP1406,IAR,37.96622364,1408.634749
IODP1406,IAR,38.07638401,1157.606289
IODP1406,IAR,38.18876985,1174.58175
IODP1406,IAR,38.30004296,1757.341524
IODP1406,IAR,38.45248711,1587.248297
IODP1406,IAR,38.56376022,1123.080365
IODP1406,IAR,38.67503332,690.2524807
IODP1406,IAR,38.78853189,1392.39945
IODP1406,IAR,38.88979042,1964.21175
IODP1406,IAR,39.00328899,2455.500426
IODP1406,IAR,39.11233663,948.5808092
IODP1406,IAR,39.22360974,798.0826847
IODP1406,IAR,39.28703541,967.5687202
IODP1406,IAR,39.39830851,952.7897314
IODP1406,IAR,39.50958162,1567.110323
IODP1406,IAR,39.62085473,756.7876062
IODP1406,IAR,39.73212783,1531.971668
IODP1406,IAR,39.84340094,1532.779557
IODP1406,IAR,39.95467404,2275.358058
IODP1406,IAR,40.05481984,1548.661348
ODP1217,IAR,29.17937,1543.172152
ODP1217,IAR,29.418986,1455.800339
ODP1217,IAR,29.658603,1878.331036
ODP1217,IAR,29.898219,2955.54228
ODP1217,IAR,30.137835,1789.969787
ODP1217,IAR,30.377451,1026.179181
ODP1217,IAR,30.617068,2246.344632
ODP1217,IAR,30.856684,1755.897526
ODP1217,IAR,31.105885,1262.698888
ODP1217,IAR,31.345501,1220.887684
ODP1217,IAR,31.585117,304.5479662
ODP1217,IAR,31.824734,428.1809319
ODP1217,IAR,32.06435,293.3711072
ODP1217,IAR,32.303966,233.9548064
ODP1217,IAR,32.543582,496.8339573
ODP1217,IAR,32.783199,274.2029032
ODP1217,IAR,32.994061,431.4457963
ODP1217,IAR,33.198515,162.0160371
ODP1217,IAR,33.339667,928.4802642
ODP1217,IAR,33.450374,946.718702
ODP1217,IAR,33.588758,1156.570778
ODP1217,IAR,33.740092,876.0534297
ODP1217,IAR,33.959414,411.4022549
ODP1217,IAR,34.178736,418.2257088
ODP1217,IAR,34.398058,304.8652484
ODP1217,IAR,34.61738,370.1548929
ODP1217,IAR,34.836702,736.5864123
ODP1217,IAR,35.032348,359.392112
ODP1217,IAR,35.058,2025.727657
ODP1217,IAR,35.186261,745.6858546
ODP1217,IAR,35.307733,1227.270098
ODP1217,IAR,35.393567,2267.697004
ODP1217,IAR,35.4794,1348.902256
ODP1217,IAR,35.565233,1937.288095
ODP1217,IAR,35.651067,424.5465071
ODP1217,IAR,35.7276,1989.899389
ODP1217,IAR,35.7876,1971.027044
ODP1217,IAR,35.8476,2625.192163
ODP1217,IAR,35.907779,2168.210089
ODP1217,IAR,35.968466,2634.673689
ODP1217,IAR,36.029153,2043.522315
ODP1217,IAR,36.082183,3529.727283
ODP1217,IAR,36.130907,4109.034837
ODP1217,IAR,36.176707,2839.127604
ODP1217,IAR,36.228354,2473.34097
ODP1217,IAR,36.267333,3023.195698
ODP1217,IAR,36.370628,3143.937347
ODP1217,IAR,36.419351,1161.126262
ODP1217,IAR,36.468075,1121.858412
ODP1217,IAR,36.516799,1270.770192
ODP1217,IAR,36.565523,903.300518
ODP1217,IAR,36.615221,2815.966469
ODP1217,IAR,36.66297,2498.939443
ODP1217,IAR,36.728181,2502.519277
ODP1217,IAR,36.779419,1358.265997
ODP1217,IAR,36.843467,2570.820663
ODP1217,IAR,36.907514,1592.928725
ODP1217,IAR,36.973933,2109.410597
ODP1217,IAR,37.09726,1044.720113
ODP1217,IAR,37.220588,788.0297073
ODP1217,IAR,37.343915,1029.827968
ODP1217,IAR,37.398179,219.9313272
ODP1217,IAR,37.506707,133.4546861
ODP1217,IAR,37.630034,192.5801821
ODP1217,IAR,37.753362,175.9359275
ODP1217,IAR,37.876689,207.8208275
ODP1217,IAR,38.000016,104.3836753
ODP1217,IAR,38.123344,161.8670324
ODP1217,IAR,38.246671,69.98136907
ODP1217,IAR,38.365045,85.24047234
ODP1217,IAR,38.471864,277.2163901
ODP1217,IAR,38.578682,83.84523884
ODP1217,IAR,38.683322,140.4394158
ODP1217,IAR,38.78684,58.42206954
ODP1217,IAR,38.890359,27.42783173
ODP1217,IAR,38.993877,105.6100037
ODP1217,IAR,39.084973,70.92566812
ODP1217,IAR,39.188491,54.08359211
ODP1217,IAR,39.292009,90.39051925
ODP1217,IAR,39.395528,179.4377472
ODP1217,IAR,39.499046,114.4499998
ODP1217,IAR,39.602564,100.8641385
ODP1217,IAR,39.706083,16.45006694
ODP1217,Si,28.76723025,27.14375308
ODP1217,Si,29.53400226,29.58907672
ODP1217,Si,30.22888939,27.79113145
ODP1217,Si,30.9189842,22.77444637
ODP1217,Si,31.48927088,14.82986294
ODP1217,Si,32.16019639,12.35778604
ODP1217,Si,32.72089842,10.23801784
ODP1217,Si,33.75325085,13.4907743
ODP1217,Si,34.41560339,13.17262862
ODP1217,Si,35.04004348,19.42168895
ODP1217,Si,35.3558,29.84201545
ODP1217,Si,35.8092,50.90734451
ODP1217,Si,35.99031298,60.20118036
ODP1217,Si,36.09874925,79.07994096
ODP1217,Si,36.29461862,96.6077577
ODP1217,Si,36.44078979,87.71168553
ODP1217,Si,36.58696096,77.08972954
ODP1217,Si,36.74355238,55.67450458
ODP1217,Si,36.61522072,86.66622116
ODP1217,Si,37.32911573,53.18350427
ODP1217,Si,37.69909765,34.1122905
ODP1217,Si,38.13814286,29.32713872
ODP1217,Si,38.38,37.05597965
ODP1217,Si,38.71437754,39.9070948
ODP1217,Si,39.00629905,38.94141539
ODP1217,Si,39.32513532,35.92731723
ODP1217,Si,39.62947903,35.28178758
ODP1217,Si,39.82409337,36.00623639
ODP1217,Si,40.32756399,60.75620858
ODP1217,Si,40.4611474,78.83653978
ODP1217,Si,40.5947308,81.52533502
ODP1217,Si,40.7630459,73.80172547
ODP1217,Si,40.8966293,76.49773696
ODP1217,Si,40.96074934,84.14223358
ODP1217,Si,41.13529832,82.92774648
ODP1217,Si,41.3022973,51.12066625
ODP1217,Si,41.63395329,37.73373245
ODP1217,Si,41.8987573,39.6912055
ODP1217,Si,42.94337781,34.13826343
ODP1217,Si,43.26864887,38.64498745
ODP1217,Si,43.56889908,40.61515914
ODP1217,Si,43.88165972,38.8327324
ODP1217,Si,44.19442035,35.21896175
ODP1217,Si,44.50718098,41.03249837
ODP1217,Si,44.76572977,40.66785373
ODP1217,Si,52.92878232,21.531642
ODP1217,Si,35.33176667,38.48676764
ODP1217,Si,35.58926667,37.54577087
ODP1217,Si,36.43689189,88.40881827
ODP1217,Si,36.58306306,82.84781291
ODP1217,Si,37.54863834,45.17242695
ODP1217,Si,37.91862025,32.17463115
ODP1217,Si,38.28860217,35.59439011
ODP1217,Si,40.00628552,35.29091676
ODP1217,Si,40.22960282,55.89098863
ODP1217,Si,40.36229568,81.29202461
ODP1217,Si,40.48697352,90.58651817
ODP1217,Si,40.62055693,95.00161207
ODP1217,Si,40.75057811,90.80168135
ODP1217,Si,40.89217652,80.58128778
ODP1217,Si,41.02397882,87.61577829
ODP1217,Si,41.16037838,76.73137595
ODP1217,Si,41.40251043,42.01109563
ODP1217,Ba,28.76723025,126.0418481
ODP1217,Ba,29.53400226,143.34207
ODP1217,Ba,30.22888939,105.8477495
ODP1217,Ba,30.9189842,84.44001507
ODP1217,Ba,31.48927088,56.48817114
ODP1217,Ba,32.16019639,133.3704212
ODP1217,Ba,32.72089842,155.415342
ODP1217,Ba,33.75325085,86.67459833
ODP1217,Ba,34.41560339,117.7869966
ODP1217,Ba,35.04004348,146.8182537
ODP1217,Ba,35.3558,277.485233
ODP1217,Ba,35.8092,526.330172
ODP1217,Ba,35.99031298,493.5814177
ODP1217,Ba,36.09874925,931.9420891
ODP1217,Ba,36.29461862,1033.832427
ODP1217,Ba,36.44078979,899.1616811
ODP1217,Ba,36.58696096,858.7630087
ODP1217,Ba,36.74355238,1112.446847
ODP1217,Ba,36.61522072,563.3136222
ODP1217,Ba,37.32911573,410.2462284
ODP1217,Ba,37.69909765,230.6519315
ODP1217,Ba,38.13814286,237.7055094
ODP1217,Ba,38.38,165.4199862
ODP1217,Ba,38.71437754,213.9175763
ODP1217,Ba,39.00629905,153.1172854
ODP1217,Ba,39.32513532,181.7671455
ODP1217,Ba,39.62947903,119.6994678
ODP1217,Ba,39.82409337,81.43162998
ODP1217,Ba,40.32756399,214.5124719
ODP1217,Ba,40.4611474,382.8799692
ODP1217,Ba,40.5947308,325.3769388
ODP1217,Ba,40.7630459,332.9234825
ODP1217,Ba,40.8966293,337.4387257
ODP1217,Ba,40.96074934,307.8374399
ODP1217,Ba,41.13529832,269.819537
ODP1217,Ba,41.3022973,128.9442093
ODP1217,Ba,41.63395329,137.8511821
ODP1217,Ba,41.8987573,143.5390153
ODP1217,Ba,42.94337781,211.3142232
ODP1217,Ba,43.26864887,169.3722895
ODP1217,Ba,43.56889908,129.0423084
ODP1217,Ba,43.88165972,197.5953918
ODP1217,Ba,44.19442035,140.2070569
ODP1217,Ba,44.50718098,165.056009
ODP1217,Ba,44.76572977,177.3495048
ODP1217,Ba,52.92878232,817.02258
ODP1217,Ba,35.33176667,168.1247551
ODP1217,Ba,35.58926667,535.5839914
ODP1217,Ba,36.43689189,1024.758229
ODP1217,Ba,36.58306306,869.3301079
ODP1217,Ba,37.54863834,182.66129
ODP1217,Ba,37.91862025,182.9173182
ODP1217,Ba,38.28860217,144.5134511
ODP1217,Ba,40.00628552,93.36221365
ODP1217,Ba,40.22960282,165.3164421
ODP1217,Ba,40.36229568,115.0300652
ODP1217,Ba,40.48697352,296.5351188
ODP1217,Ba,40.62055693,416.2680178
ODP1217,Ba,40.75057811,410.0021311
ODP1217,Ba,40.89217652,293.6559713
ODP1217,Ba,41.02397882,312.6311006
ODP1217,Ba,41.16037838,258.5929289
ODP1217,Ba,41.40251043,144.9427397
ODP1217_raw,IAR,29.17937,12.37654896
ODP1217_raw,IAR,29.418986,11.47772118
ODP1217_raw,IAR,29.658603,14.80443085
ODP1217_raw,IAR,29.898219,23.68139023
ODP1217_raw,IAR,30.137835,14.58437192
ODP1217_raw,IAR,30.377451,8.718536577
ODP1217_raw,IAR,30.617068,20.32377059
ODP1217_raw,IAR,30.856684,16.98891675
ODP1217_raw,IAR,31.105885,13.88633775
ODP1217_raw,IAR,31.345501,15.84550198
ODP1217_raw,IAR,31.585117,4.589185911
ODP1217_raw,IAR,31.824734,7.032482466
ODP1217_raw,IAR,32.06435,5.294478917
ODP1217_raw,IAR,32.303966,3.835861653
ODP1217_raw,IAR,32.543582,6.601628402
ODP1217_raw,IAR,32.783199,3.173528541
ODP1217_raw,IAR,32.994061,4.989845227
ODP1217_raw,IAR,33.198515,1.630160941
ODP1217_raw,IAR,33.339667,6.191652277
ODP1217_raw,IAR,33.450374,6.309197408
ODP1217_raw,IAR,33.588758,7.701542574
ODP1217_raw,IAR,33.740092,6.374389121
ODP1217_raw,IAR,33.959414,4.821243139
ODP1217_raw,IAR,34.178736,5.593623269
ODP1217_raw,IAR,34.398058,4.748277145
ODP1217_raw,IAR,34.61738,5.752567683
ODP1217_raw,IAR,34.836702,11.21547736
ODP1217_raw,IAR,35.032348,4.335886689
ODP1217_raw,IAR,35.058,15.69908334
ODP1217_raw,IAR,35.186261,5.778997788
ODP1217_raw,IAR,35.307733,9.00779174
ODP1217_raw,IAR,35.393567,13.17810588
ODP1217_raw,IAR,35.4794,8.155671377
ODP1217_raw,IAR,35.565233,12.2067638
ODP1217_raw,IAR,35.651067,2.550071721
ODP1217_raw,IAR,35.7276,9.831695931
ODP1217_raw,IAR,35.7876,7.08577727
ODP1217_raw,IAR,35.8476,9.435310936
ODP1217_raw,IAR,35.907779,7.897104166
ODP1217_raw,IAR,35.968466,9.778412666
ODP1217_raw,IAR,36.029153,7.509638896
ODP1217_raw,IAR,36.082183,10.49972369
ODP1217_raw,IAR,36.130907,9.958519239
ODP1217_raw,IAR,36.176707,6.765293231
ODP1217_raw,IAR,36.228354,6.143864737
ODP1217_raw,IAR,36.267333,7.758293881
ODP1217_raw,IAR,36.370628,8.843852283
ODP1217_raw,IAR,36.419351,3.421309873
ODP1217_raw,IAR,36.468075,3.380073952
ODP1217_raw,IAR,36.516799,3.872636723
ODP1217_raw,IAR,36.565523,2.784714612
ODP1217_raw,IAR,36.615221,7.693294012
ODP1217_raw,IAR,36.66297,6.753183353
ODP1217_raw,IAR,36.728181,7.500525037
ODP1217_raw,IAR,36.779419,4.780161355
ODP1217_raw,IAR,36.843467,9.005700696
ODP1217_raw,IAR,36.907514,5.55429841
ODP1217_raw,IAR,36.973933,7.592602636
ODP1217_raw,IAR,37.09726,6.950365126
ODP1217_raw,IAR,37.220588,5.218853592
ODP1217_raw,IAR,37.343915,6.905568651
ODP1217_raw,IAR,37.398179,1.624506846
ODP1217_raw,IAR,37.506707,1.23694183
ODP1217_raw,IAR,37.630034,1.456517355
ODP1217_raw,IAR,37.753362,1.190628835
ODP1217_raw,IAR,37.876689,1.756663121
ODP1217_raw,IAR,38.000016,0.963514902
ODP1217_raw,IAR,38.123344,1.516702688
ODP1217_raw,IAR,38.246671,0.580978756
ODP1217_raw,IAR,38.365045,0.710638255
ODP1217_raw,IAR,38.471864,2.098923161
ODP1217_raw,IAR,38.578682,0.642701058
ODP1217_raw,IAR,38.683322,1.067817062
ODP1217_raw,IAR,38.78684,0.444385193
ODP1217_raw,IAR,38.890359,0.210828133
ODP1217_raw,IAR,38.993877,0.82042026
ODP1217_raw,IAR,39.084973,0.558994927
ODP1217_raw,IAR,39.188491,0.434070167
ODP1217_raw,IAR,39.292009,0.739016369
ODP1217_raw,IAR,39.395528,1.469963741
ODP1217_raw,IAR,39.499046,0.933924819
ODP1217_raw,IAR,39.602564,0.819873739
ODP1217_raw,IAR,39.706083,0.136584033
ODP1217_raw,Si,28.76723025,22.44
ODP1217_raw,Si,29.53400226,23.14
ODP1217_raw,Si,30.22888939,22.79
ODP1217_raw,Si,30.9189842,22.44
ODP1217_raw,Si,31.48927088,21.58
ODP1217_raw,Si,32.16019639,23.22
ODP1217_raw,Si,32.72089842,11.93
ODP1217_raw,Si,33.75325085,11.16
ODP1217_raw,Si,34.41560339,20.79
ODP1217_raw,Si,35.04004348,24.79
ODP1217_raw,Si,35.3558,22.95
ODP1217_raw,Si,35.8092,23.6
ODP1217_raw,Si,35.99031298,22.93
ODP1217_raw,Si,36.09874925,23.7
ODP1217_raw,Si,36.29461862,25.38
ODP1217_raw,Si,36.44078979,26.26
ODP1217_raw,Si,36.58696096,23.25
ODP1217_raw,Si,36.74355238,16.01
ODP1217_raw,Si,36.61522072,25.77
ODP1217_raw,Si,37.32911573,22.92
ODP1217_raw,Si,37.69909765,21.43
ODP1217_raw,Si,38.13814286,23.17
ODP1217_raw,Si,38.38,31.16
ODP1217_raw,Si,38.71437754,30.8
ODP1217_raw,Si,39.00629905,30.29
ODP1217_raw,Si,39.32513532,29.51
ODP1217_raw,Si,39.62947903,28.65
ODP1217_raw,Si,39.82409337,31.04
ODP1217_raw,Si,40.32756399,31.75
ODP1217_raw,Si,40.4611474,27.9
ODP1217_raw,Si,40.5947308,27.01
ODP1217_raw,Si,40.7630459,26.69
ODP1217_raw,Si,40.8966293,26.32
ODP1217_raw,Si,40.96074934,28.29
ODP1217_raw,Si,41.13529832,29.29
ODP1217_raw,Si,41.3022973,31.32
ODP1217_raw,Si,41.63395329,29.59
ODP1217_raw,Si,41.8987573,30.5
ODP1217_raw,Si,42.94337781,27.27
ODP1217_raw,Si,43.26864887,31.35
ODP1217_raw,Si,43.56889908,32.45
ODP1217_raw,Si,43.88165972,32.25
ODP1217_raw,Si,44.19442035,29.49
ODP1217_raw,Si,44.50718098,32.79
ODP1217_raw,Si,44.76572977,31.53
ODP1217_raw,Si,52.92878232,3.65
ODP1217_raw,Si,35.33176667,24.54
ODP1217_raw,Si,35.58926667,23.94
ODP1217_raw,Si,36.43689189,30.67
ODP1217_raw,Si,36.58306306,25.35
ODP1217_raw,Si,37.54863834,31.16
ODP1217_raw,Si,37.91862025,29.41
ODP1217_raw,Si,38.28860217,31.33
ODP1217_raw,Si,40.00628552,30.24
ODP1217_raw,Si,40.22960282,31.07
ODP1217_raw,Si,40.36229568,26.36
ODP1217_raw,Si,40.48697352,32.87
ODP1217_raw,Si,40.62055693,30.81
ODP1217_raw,Si,40.75057811,29.3
ODP1217_raw,Si,40.89217652,27.77
ODP1217_raw,Si,41.02397882,28.81
ODP1217_raw,Si,41.16037838,28.1
ODP1217_raw,Si,41.40251043,28.26
ODP1217_raw,Ba,28.76723025,1042
ODP1217_raw,Ba,29.53400226,1121
ODP1217_raw,Ba,30.22888939,868
ODP1217_raw,Ba,30.9189842,832
ODP1217_raw,Ba,31.48927088,822
ODP1217_raw,Ba,32.16019639,2506
ODP1217_raw,Ba,32.72089842,1811
ODP1217_raw,Ba,33.75325085,717
ODP1217_raw,Ba,34.41560339,1859
ODP1217_raw,Ba,35.04004348,1874
ODP1217_raw,Ba,35.3558,2134
ODP1217_raw,Ba,35.8092,2440
ODP1217_raw,Ba,35.99031298,1880
ODP1217_raw,Ba,36.09874925,2793
ODP1217_raw,Ba,36.29461862,2716
ODP1217_raw,Ba,36.44078979,2692
ODP1217_raw,Ba,36.58696096,2590
ODP1217_raw,Ba,36.74355238,3199
ODP1217_raw,Ba,36.61522072,1675
ODP1217_raw,Ba,37.32911573,1768
ODP1217_raw,Ba,37.69909765,1449
ODP1217_raw,Ba,38.13814286,1878
ODP1217_raw,Ba,38.38,1391
ODP1217_raw,Ba,38.71437754,1651
ODP1217_raw,Ba,39.00629905,1191
ODP1217_raw,Ba,39.32513532,1493
ODP1217_raw,Ba,39.62947903,972
ODP1217_raw,Ba,39.82409337,702
ODP1217_raw,Ba,40.32756399,1121
ODP1217_raw,Ba,40.4611474,1355
ODP1217_raw,Ba,40.5947308,1078
ODP1217_raw,Ba,40.7630459,1204
ODP1217_raw,Ba,40.8966293,1161
ODP1217_raw,Ba,40.96074934,1035
ODP1217_raw,Ba,41.13529832,953
ODP1217_raw,Ba,41.3022973,790
ODP1217_raw,Ba,41.63395329,1081
ODP1217_raw,Ba,41.8987573,1103
ODP1217_raw,Ba,42.94337781,1688
ODP1217_raw,Ba,43.26864887,1374
ODP1217_raw,Ba,43.56889908,1031
ODP1217_raw,Ba,43.88165972,1641
ODP1217_raw,Ba,44.19442035,1174
ODP1217_raw,Ba,44.50718098,1319
ODP1217_raw,Ba,44.76572977,1375
ODP1217_raw,Ba,52.92878232,1385
ODP1217_raw,Ba,35.33176667,1072
ODP1217_raw,Ba,35.58926667,3415
ODP1217_raw,Ba,36.43689189,3555
ODP1217_raw,Ba,36.58306306,2660
ODP1217_raw,Ba,37.54863834,1260
ODP1217_raw,Ba,37.91862025,1672
ODP1217_raw,Ba,38.28860217,1272
ODP1217_raw,Ba,40.00628552,800
ODP1217_raw,Ba,40.22960282,919
ODP1217_raw,Ba,40.36229568,373
ODP1217_raw,Ba,40.48697352,1076
ODP1217_raw,Ba,40.62055693,1350
ODP1217_raw,Ba,40.75057811,1323
ODP1217_raw,Ba,40.89217652,1012
ODP1217_raw,Ba,41.02397882,1028
ODP1217_raw,Ba,41.16037838,947
ODP1217_raw,Ba,41.40251043,975
ODP1217_raw,SedMAR,28.76723025,120.9614665
ODP1217_raw,SedMAR,29.53400226,127.8698216
ODP1217_raw,SedMAR,30.22888939,121.9444118
ODP1217_raw,SedMAR,30.9189842,101.4904027
ODP1217_raw,SedMAR,31.48927088,68.72040285
ODP1217_raw,SedMAR,32.16019639,53.22043943
ODP1217_raw,SedMAR,32.72089842,85.8174169
ODP1217_raw,SedMAR,33.75325085,120.8850744
ODP1217_raw,SedMAR,34.41560339,63.36040701
ODP1217_raw,SedMAR,35.04004348,78.34485257
ODP1217_raw,SedMAR,35.3558,130.0305684
ODP1217_raw,SedMAR,35.8092,215.7090869
ODP1217_raw,SedMAR,35.99031298,262.5433073
ODP1217_raw,SedMAR,36.09874925,333.670637
ODP1217_raw,SedMAR,36.29461862,380.6452234
ODP1217_raw,SedMAR,36.44078979,334.0125116
ODP1217_raw,SedMAR,36.58696096,331.5687292
ODP1217_raw,SedMAR,36.74355238,347.7483109
ODP1217_raw,SedMAR,36.61522072,336.3066401
ODP1217_raw,SedMAR,37.32911573,232.0397219
ODP1217_raw,SedMAR,37.69909765,159.180077
ODP1217_raw,SedMAR,38.13814286,126.5737537
ODP1217_raw,SedMAR,38.38,118.9216292
ODP1217_raw,SedMAR,38.71437754,129.5684896
ODP1217_raw,SedMAR,39.00629905,128.5619524
ODP1217_raw,SedMAR,39.32513532,121.7462461
ODP1217_raw,SedMAR,39.62947903,123.1476006
ODP1217_raw,SedMAR,39.82409337,115.9994729
ODP1217_raw,SedMAR,40.32756399,191.3581372
ODP1217_raw,SedMAR,40.4611474,282.568243
ODP1217_raw,SedMAR,40.5947308,301.8338949
ODP1217_raw,SedMAR,40.7630459,276.5145203
ODP1217_raw,SedMAR,40.8966293,290.6448973
ODP1217_raw,SedMAR,40.96074934,297.4274782
ODP1217_raw,SedMAR,41.13529832,283.1264817
ODP1217_raw,SedMAR,41.3022973,163.220518
ODP1217_raw,SedMAR,41.63395329,127.5219076
ODP1217_raw,SedMAR,41.8987573,130.1351
ODP1217_raw,SedMAR,42.94337781,125.1861512
ODP1217_raw,SedMAR,43.26864887,123.2694974
ODP1217_raw,SedMAR,43.56889908,125.1622778
ODP1217_raw,SedMAR,43.88165972,120.4115733
ODP1217_raw,SedMAR,44.19442035,119.4267947
ODP1217_raw,SedMAR,44.50718098,125.137232
ODP1217_raw,SedMAR,44.76572977,128.9814581
ODP1217_raw,SedMAR,52.92878232,589.908
ODP1217_raw,SedMAR,35.33176667,156.832794
ODP1217_raw,SedMAR,35.58926667,156.832794
ODP1217_raw,SedMAR,36.43689189,288.2582924
ODP1217_raw,SedMAR,36.58306306,326.81583
ODP1217_raw,SedMAR,37.54863834,144.9692778
ODP1217_raw,SedMAR,37.91862025,109.4003099
ODP1217_raw,SedMAR,38.28860217,113.6112037
ODP1217_raw,SedMAR,40.00628552,116.7027671
ODP1217_raw,SedMAR,40.22960282,179.8873146
ODP1217_raw,SedMAR,40.36229568,308.3915956
ODP1217_raw,SedMAR,40.48697352,275.5902591
ODP1217_raw,SedMAR,40.62055693,308.3466799
ODP1217_raw,SedMAR,40.75057811,309.9033493
ODP1217_raw,SedMAR,40.89217652,290.1738847
ODP1217_raw,SedMAR,41.02397882,304.1158566
ODP1217_raw,SedMAR,41.16037838,273.0653948
ODP1217_raw,SedMAR,41.40251043,148.6592202
