age.sealevel.cramer.2012,age.sealevel.cramer.2004,sealevel.cramer
0,0,0
0.001,0.001,0
0.002,0.002,3.33
0.003,0.003,-4
0.004,0.004,-4.67
0.005,0.005,-2
0.006,0.006,-6.67
0.007,0.007,-9.33
0.008,0.008,-12.67
0.009,0.009,-10
0.01,0.01,-19.33
0.011,0.011,-24.67
0.012,0.012,-46
0.013,0.013,-55.33
0.014,0.014,-70
0.015,0.015,-84
0.016,0.016,-101.33
0.017,0.017,-110
0.018,0.018,-119.33
0.019,0.019,-115.33
0.02,0.02,-117.33
0.021,0.021,-112
0.022,0.022,-110
0.023,0.023,-108.67
0.024,0.024,-105.33
0.025,0.025,-106
0.026,0.026,-96
0.027,0.027,-101.33
0.028,0.028,-101.33
0.029,0.029,-100
0.03,0.03,-92.67
0.031,0.031,-92.67
0.032,0.032,-91.33
0.033,0.033,-90
0.034,0.034,-90.67
0.035,0.035,-87.33
0.036,0.036,-81.33
0.037,0.037,-82
0.038,0.038,-78.67
0.039,0.039,-88
0.04,0.04,-88
0.041,0.041,-85.33
0.042,0.042,-84.67
0.043,0.043,-82
0.044,0.044,-83.33
0.045,0.045,-73.33
0.046,0.046,-75.33
0.047,0.047,-76.67
0.048,0.048,-81.33
0.049,0.049,-82
0.05,0.05,-74
0.051,0.051,-73.33
0.052,0.052,-72
0.053,0.053,-80.67
0.054,0.054,-76.67
0.055,0.055,-72
0.056,0.056,-74.67
0.057,0.057,-80
0.058,0.058,-84
0.059,0.059,-80
0.06,0.06,-91.33
0.061,0.061,-85.33
0.062,0.062,-91.33
0.063,0.063,-86.67
0.064,0.064,-75.33
0.065,0.065,-83.33
0.066,0.066,-89.33
0.067,0.067,-80.67
0.068,0.068,-79.33
0.069,0.069,-82.67
0.07,0.07,-72.67
0.071,0.071,-66
0.072,0.072,-65.33
0.073,0.073,-66.67
0.074,0.074,-53.33
0.075,0.075,-48
0.076,0.076,-55.33
0.077,0.077,-56.67
0.078,0.078,-54.67
0.079,0.079,-54.67
0.08,0.08,-44.67
0.081,0.081,-39.33
0.082,0.082,-38
0.083,0.083,-40
0.084,0.084,-39.33
0.085,0.085,-48
0.086,0.086,-55.33
0.087,0.087,-63.33
0.088,0.088,-58.67
0.089,0.089,-56.67
0.09,0.09,-55.33
0.091,0.091,-53.33
0.092,0.092,-50
0.093,0.093,-44.67
0.094,0.094,-40.67
0.095,0.095,-36
0.096,0.096,-34.67
0.097,0.097,-40
0.098,0.098,-44.67
0.099,0.099,-36.67
0.1,0.1,-38.67
0.101,0.101,-46
0.102,0.102,-42
0.103,0.103,-43.33
0.104,0.104,-46
0.105,0.105,-41.33
0.106,0.106,-51.33
0.107,0.107,-54
0.108,0.108,-58.67
0.109,0.109,-59.33
0.11,0.11,-54
0.111,0.111,-52.67
0.112,0.112,-53.33
0.113,0.113,-46.67
0.114,0.114,-38.67
0.115,0.115,-32
0.116,0.116,-23.33
0.117,0.117,-20.67
0.118,0.118,-14
0.119,0.119,-4.67
0.12,0.12,-2.67
0.121,0.121,-2
0.122,0.122,3.33
0.123,0.123,8.67
0.124,0.124,-2.67
0.125,0.125,6
0.126,0.126,4.67
0.127,0.127,-9.33
0.128,0.128,-32
0.129,0.129,-44.67
0.13,0.13,-29.33
0.131,0.131,-38.67
0.132,0.132,-64.67
0.133,0.133,-78.67
0.134,0.134,-98
0.135,0.135,-108.67
0.136,0.136,-106
0.137,0.137,-104.67
0.138,0.138,-110.67
0.139,0.139,-109.33
0.14,0.14,-116.67
0.141,0.141,-105.33
0.142,0.142,-101.33
0.143,0.143,-103.33
0.144,0.144,-106
0.145,0.145,-100.67
0.146,0.146,-102.67
0.147,0.147,-106
0.148,0.148,-98.67
0.149,0.149,-101.33
0.15,0.15,-101.33
0.151,0.151,-95.33
0.152,0.152,-94
0.153,0.153,-92.67
0.154,0.154,-95.33
0.155,0.155,-85.33
0.156,0.156,-103.33
0.157,0.157,-100.67
0.158,0.158,-97.33
0.159,0.159,-95.33
0.16,0.16,-97.33
0.161,0.161,-94.67
0.162,0.162,-95.33
0.163,0.163,-98
0.164,0.164,-96.67
0.165,0.165,-96.67
0.166,0.166,-83.33
0.167,0.167,-78.67
0.168,0.168,-83.33
0.169,0.169,-84.67
0.17,0.17,-84.67
0.171,0.171,-86.67
0.172,0.172,-82
0.173,0.173,-76.67
0.174,0.174,-70
0.175,0.175,-72.67
0.176,0.176,-77.33
0.177,0.177,-82
0.178,0.178,-80.67
0.179,0.179,-83.33
0.18,0.18,-77.33
0.181,0.181,-82
0.182,0.182,-83.33
0.183,0.183,-76
0.184,0.184,-78
0.185,0.185,-90.67
0.186,0.186,-82.67
0.187,0.187,-78
0.188,0.188,-82
0.189,0.189,-77.33
0.19,0.19,-70
0.191,0.191,-60
0.192,0.192,-35.33
0.193,0.193,-46
0.194,0.194,-40.67
0.195,0.195,-45.33
0.196,0.196,-39.33
0.197,0.197,-34
0.198,0.198,-39.33
0.199,0.199,-22.67
0.2,0.2,-20
0.201,0.201,-20
0.202,0.202,-26.67
0.203,0.203,-25.33
0.204,0.204,-36.67
0.205,0.205,-39.33
0.206,0.206,-36
0.207,0.207,-36.67
0.208,0.208,-32
0.209,0.209,-27.33
0.21,0.21,-22.67
0.211,0.211,-24.67
0.212,0.212,-25.33
0.213,0.213,-28
0.214,0.214,-22
0.215,0.215,-20.67
0.216,0.216,-20
0.217,0.217,-16.67
0.218,0.218,-32.67
0.219,0.219,-47.33
0.22,0.22,-50
0.221,0.221,-66.67
0.222,0.222,-76.67
0.223,0.223,-80.67
0.224,0.224,-77.33
0.225,0.225,-70
0.226,0.226,-70.67
0.227,0.227,-64
0.228,0.228,-64
0.229,0.229,-52.67
0.23,0.23,-71.33
0.231,0.231,-66
0.232,0.232,-62.67
0.233,0.233,-49.33
0.234,0.234,-40.67
0.235,0.235,-32
0.236,0.236,-28.67
0.237,0.237,-16
0.238,0.238,-18.67
0.239,0.239,-14
0.24,0.24,-14
0.241,0.241,-20.67
0.242,0.242,-30
0.243,0.243,-36.67
0.244,0.244,-54.67
0.245,0.245,-62.67
0.246,0.246,-76.67
0.247,0.247,-72
0.248,0.248,-76.67
0.249,0.249,-75.33
0.25,0.25,-84.67
0.251,0.251,-90
0.252,0.252,-93.33
0.253,0.253,-86
0.254,0.254,-89.33
0.255,0.255,-76
0.256,0.256,-80
0.257,0.257,-88
0.258,0.258,-85.33
0.259,0.259,-86
0.26,0.26,-82
0.261,0.261,-86
0.262,0.262,-81.33
0.263,0.263,-82
0.264,0.264,-79.33
0.265,0.265,-80.67
0.266,0.266,-84.67
0.267,0.267,-84.67
0.268,0.268,-73.33
0.269,0.269,-86
0.27,0.27,-85.33
0.271,0.271,-84.67
0.272,0.272,-80.67
0.273,0.273,-80.67
0.274,0.274,-76.67
0.275,0.275,-76.67
0.276,0.276,-71.33
0.277,0.277,-80.67
0.278,0.278,-72
0.279,0.279,-66.67
0.28,0.28,-60.67
0.281,0.281,-65.33
0.282,0.282,-50
0.283,0.283,-42.67
0.284,0.284,-42
0.285,0.285,-40.67
0.286,0.286,-39.33
0.287,0.287,-44
0.288,0.288,-52.67
0.289,0.289,-55.33
0.29,0.29,-58
0.291,0.291,-58.67
0.292,0.292,-69.33
0.293,0.293,-66
0.294,0.294,-73.33
0.295,0.295,-72
0.296,0.296,-66.67
0.297,0.297,-71.33
0.298,0.298,-62.67
0.299,0.299,-66.67
0.3,0.3,-52.67
0.301,0.301,-55.33
0.302,0.302,-55.33
0.303,0.303,-51.33
0.304,0.304,-56
0.305,0.305,-56
0.306,0.306,-54.67
0.307,0.307,-51.33
0.308,0.308,-41.33
0.309,0.309,-42
0.31,0.31,-38
0.311,0.311,-31.33
0.312,0.312,-37.33
0.313,0.313,-30.67
0.314,0.314,-36
0.315,0.315,-26
0.316,0.316,-30.67
0.317,0.317,-44
0.318,0.318,-35.33
0.319,0.319,-23.33
0.32,0.32,-28.67
0.321,0.321,-20
0.322,0.322,-20
0.323,0.323,-16
0.324,0.324,1.33
0.325,0.325,-5.33
0.326,0.326,0
0.327,0.327,0.67
0.328,0.328,0
0.329,0.329,2.67
0.33,0.33,-4.67
0.331,0.331,-4
0.332,0.332,-10.67
0.333,0.333,-10
0.334,0.334,-18.67
0.335,0.335,-34.67
0.336,0.336,-56.67
0.337,0.337,-66.67
0.338,0.338,-62.67
0.339,0.339,-79.33
0.34,0.34,-91.33
0.341,0.341,-107.33
0.342,0.342,-106.67
0.343,0.343,-104.67
0.344,0.344,-102
0.345,0.345,-104
0.346,0.346,-96.67
0.347,0.347,-86.67
0.348,0.348,-84
0.349,0.349,-92.67
0.35,0.35,-96
0.351,0.351,-94
0.352,0.352,-82.67
0.353,0.353,-82.67
0.354,0.354,-78
0.355,0.355,-90.67
0.356,0.356,-82
0.357,0.357,-88
0.358,0.358,-90
0.359,0.359,-84
0.36,0.36,-87.33
0.361,0.361,-84.67
0.362,0.362,-84.67
0.363,0.363,-86.67
0.364,0.364,-75.33
0.365,0.365,-82
0.366,0.366,-72.67
0.367,0.367,-76
0.368,0.368,-78
0.369,0.369,-76.67
0.37,0.37,-75.33
0.371,0.371,-69.33
0.372,0.372,-79.33
0.373,0.373,-70.67
0.374,0.374,-74
0.375,0.375,-64.67
0.376,0.376,-65.33
0.377,0.377,-64.67
0.378,0.378,-64
0.379,0.379,-62.67
0.38,0.38,-64
0.381,0.381,-61.33
0.382,0.382,-54.67
0.383,0.383,-59.33
0.384,0.384,-56.67
0.385,0.385,-60.67
0.386,0.386,-52.67
0.387,0.387,-50.67
0.388,0.388,-46
0.389,0.389,-44
0.39,0.39,-48.67
0.391,0.391,-51.33
0.392,0.392,-49.33
0.393,0.393,-42
0.394,0.394,-46
0.395,0.395,-35.33
0.396,0.396,-32.67
0.397,0.397,-16
0.398,0.398,-20.67
0.399,0.399,-16.67
0.4,0.4,-6
0.401,0.401,2
0.402,0.402,4
0.403,0.403,5.33
0.404,0.404,2
0.405,0.405,8
0.406,0.406,2.67
0.407,0.407,1.33
0.408,0.408,4
0.409,0.409,0.67
0.41,0.41,5.33
0.411,0.411,-4
0.412,0.412,-5.33
0.413,0.413,-10
0.414,0.414,-12
0.415,0.415,-12
0.416,0.416,-18.67
0.417,0.417,-22.67
0.418,0.418,-34.67
0.419,0.419,-38.67
0.42,0.42,-36
0.421,0.421,-41.33
0.422,0.422,-47.33
0.423,0.423,-52.67
0.424,0.424,-46
0.425,0.425,-71.33
0.426,0.426,-84.67
0.427,0.427,-71.33
0.428,0.428,-99.33
0.429,0.429,-112
0.43,0.43,-116.67
0.431,0.431,-121.33
0.432,0.432,-121.33
0.433,0.433,-123.33
0.434,0.434,-123.33
0.435,0.435,-119.33
0.436,0.436,-122.67
0.437,0.437,-111.33
0.438,0.438,-104
0.439,0.439,-109.33
0.44,0.44,-102
0.441,0.441,-114.67
0.442,0.442,-115.33
0.443,0.443,-112
0.444,0.444,-106
0.445,0.445,-112
0.446,0.446,-106
0.447,0.447,-85.33
0.448,0.448,-102.67
0.449,0.449,-100
0.45,0.45,-101.33
0.451,0.451,-90
0.452,0.452,-100
0.453,0.453,-88.67
0.454,0.454,-91.33
0.455,0.455,-78.67
0.456,0.456,-92.67
0.457,0.457,-93.33
0.458,0.458,-88
0.459,0.459,-93.33
0.46,0.46,-88.67
0.461,0.461,-90.67
0.462,0.462,-92
0.463,0.463,-92
0.464,0.464,-80.67
0.465,0.465,-89.33
0.466,0.466,-82
0.467,0.467,-80.67
0.468,0.468,-76.67
0.469,0.469,-85.33
0.47,0.47,-73.33
0.471,0.471,-68
0.472,0.472,-72.67
0.473,0.473,-75.33
0.474,0.474,-77.33
0.475,0.475,-74.67
0.476,0.476,-71.33
0.477,0.477,-69.33
0.478,0.478,-66
0.479,0.479,-59.33
0.48,0.48,-59.33
0.481,0.481,-62.67
0.482,0.482,-52
0.483,0.483,-49.33
0.484,0.484,-37.33
0.485,0.485,-38.67
0.486,0.486,-35.33
0.487,0.487,-32.67
0.488,0.488,-29.33
0.489,0.489,-24.67
0.49,0.49,-20.67
0.491,0.491,-16
0.492,0.492,-26.67
0.493,0.493,-32.67
0.494,0.494,-40
0.495,0.495,-40
0.496,0.496,-40
0.497,0.497,-30
0.498,0.498,-39.33
0.499,0.499,-34.67
0.5,0.5,-40.67
0.501,0.501,-36.67
0.502,0.502,-34.67
0.503,0.503,-38.67
0.504,0.504,-45.33
0.505,0.505,-42
0.506,0.506,-52
0.507,0.507,-46.67
0.508,0.508,-62
0.509,0.509,-55.33
0.51,0.51,-60.67
0.511,0.511,-55.33
0.512,0.512,-66
0.513,0.513,-68
0.514,0.514,-58
0.515,0.515,-58
0.516,0.516,-52
0.517,0.517,-48.67
0.518,0.518,-56
0.519,0.519,-48.67
0.52,0.52,-48
0.521,0.521,-45.33
0.522,0.522,-43.33
0.523,0.523,-46.67
0.524,0.524,-40
0.525,0.525,-46
0.526,0.526,-49.33
0.527,0.527,-48.67
0.528,0.528,-46
0.529,0.529,-50.67
0.53,0.53,-49.33
0.531,0.531,-46
0.532,0.532,-52
0.533,0.533,-58.67
0.534,0.534,-69.33
0.535,0.535,-70.67
0.536,0.536,-88
0.537,0.537,-80
0.538,0.538,-87.33
0.539,0.539,-83.33
0.54,0.54,-86.67
0.541,0.541,-84.67
0.542,0.542,-81.33
0.543,0.543,-81.33
0.544,0.544,-82
0.545,0.545,-80
0.546,0.546,-85.33
0.547,0.547,-86.67
0.548,0.548,-88
0.549,0.549,-86.67
0.55,0.55,-84.67
0.551,0.551,-81.33
0.552,0.552,-86
0.553,0.553,-82
0.554,0.554,-70.67
0.555,0.555,-68
0.556,0.556,-77.33
0.557,0.557,-74.67
0.558,0.558,-68
0.559,0.559,-62.67
0.56,0.56,-60.67
0.561,0.561,-65.33
0.562,0.562,-60.67
0.563,0.563,-62.67
0.564,0.564,-52
0.565,0.565,-48.67
0.566,0.566,-42
0.567,0.567,-47.33
0.568,0.568,-51.33
0.569,0.569,-49.33
0.57,0.57,-45.33
0.571,0.571,-44
0.572,0.572,-24
0.573,0.573,-28
0.574,0.574,-33.33
0.575,0.575,-10.67
0.576,0.576,-15.33
0.577,0.577,-16.67
0.578,0.578,-18
0.579,0.579,-22.67
0.58,0.58,-30.67
0.581,0.581,-51.33
0.582,0.582,-60
0.583,0.583,-70.67
0.584,0.584,-72
0.585,0.585,-73.33
0.586,0.586,-63.33
0.587,0.587,-58.67
0.588,0.588,-64
0.589,0.589,-56
0.59,0.59,-57.33
0.591,0.591,-56
0.592,0.592,-52.67
0.593,0.593,-50.67
0.594,0.594,-44.67
0.595,0.595,-43.33
0.596,0.596,-44
0.597,0.597,-38
0.598,0.598,-50.67
0.599,0.599,-52.67
0.6,0.6,-56
0.602,0.602,-49.33
0.604,0.604,-36
0.606,0.606,-38
0.608,0.608,-38
0.61,0.61,-17.33
0.612,0.612,-19.33
0.614,0.614,-20
0.616,0.616,-28.67
0.618,0.618,-38.67
0.62,0.62,-57.33
0.622,0.622,-72
0.624,0.624,-93.33
0.626,0.626,-111.33
0.628,0.628,-118.67
0.63,0.63,-123.33
0.632,0.632,-121.33
0.634,0.634,-113.33
0.636,0.636,-118
0.638,0.638,-104.67
0.64,0.64,-118.67
0.642,0.642,-101.33
0.644,0.644,-96.67
0.646,0.646,-99.33
0.648,0.648,-101.33
0.65,0.65,-98.67
0.652,0.652,-104
0.654,0.654,-102.67
0.656,0.656,-89.33
0.658,0.658,-90
0.66,0.66,-94
0.662,0.662,-104.67
0.664,0.664,-90
0.666,0.666,-84.67
0.668,0.668,-94.67
0.67,0.67,-79.33
0.672,0.672,-86
0.674,0.674,-82
0.676,0.676,-78
0.678,0.678,-68.67
0.68,0.68,-60.67
0.682,0.682,-61.33
0.684,0.684,-53.33
0.686,0.686,-60
0.688,0.688,-48
0.69,0.69,-31.33
0.692,0.692,-32
0.694,0.694,-27.33
0.696,0.696,-18
0.698,0.698,-22.67
0.7,0.7,-28
0.702,0.702,-35.33
0.704,0.704,-40.67
0.706,0.706,-46.67
0.708,0.708,-53.33
0.71,0.71,-50
0.712,0.712,-55.33
0.714,0.714,-70.67
0.716,0.716,-92
0.718,0.718,-101.33
0.72,0.72,-95.33
0.722,0.722,-94.67
0.724,0.724,-80.67
0.726,0.726,-72.67
0.728,0.728,-62
0.73,0.73,-62
0.732,0.732,-52.67
0.734,0.734,-61.33
0.736,0.736,-64
0.738,0.738,-65.33
0.74,0.74,-58.67
0.742,0.742,-62.67
0.744,0.744,-83.33
0.746,0.746,-96
0.748,0.748,-90.67
0.75,0.75,-91.33
0.752,0.752,-83.33
0.754,0.754,-88
0.756,0.756,-90.67
0.758,0.758,-68.67
0.76,0.76,-73.33
0.762,0.762,-58.67
0.764,0.764,-70
0.766,0.766,-58.67
0.768,0.768,-56
0.77,0.77,-50.67
0.772,0.772,-42.67
0.774,0.774,-35.33
0.776,0.776,-27.33
0.778,0.778,-22
0.78,0.78,-16.67
0.782,0.782,-20.67
0.784,0.784,-21.33
0.786,0.786,-30
0.788,0.788,-31.33
0.79,0.79,-62
0.792,0.792,-69.33
0.794,0.794,-100.67
0.796,0.796,-96
0.798,0.798,-96.67
0.8,0.8,-96.67
0.802,0.802,-100
0.804,0.804,-88
0.806,0.806,-86.67
0.808,0.808,-84
0.81,0.81,-72
0.812,0.812,-76.67
0.814,0.814,-59.33
0.816,0.816,-56.67
0.818,0.818,-44.67
0.82,0.82,-48.67
0.822,0.822,-44.67
0.824,0.824,-46
0.826,0.826,-58.67
0.828,0.828,-48
0.83,0.83,-54
0.832,0.832,-56
0.834,0.834,-48
0.836,0.836,-39.33
0.838,0.838,-50.67
0.84,0.84,-52.67
0.842,0.842,-38.67
0.844,0.844,-29.33
0.846,0.846,-23.33
0.848,0.848,-26.67
0.85,0.85,-18
0.852,0.852,-28
0.854,0.854,-26.67
0.856,0.856,-15.33
0.858,0.858,-12.67
0.86,0.86,-14.67
0.862,0.862,-30
0.864,0.864,-23.33
0.866,0.866,-55.33
0.868,0.868,-72.67
0.87,0.87,-85.33
0.872,0.872,-96
0.874,0.874,-96.67
0.876,0.876,-97.33
0.878,0.878,-90.67
0.88,0.88,-96.67
0.882,0.882,-79.33
0.884,0.884,-82.67
0.886,0.886,-82.67
0.888,0.888,-81.33
0.89,0.89,-77.33
0.892,0.892,-72.67
0.894,0.894,-78.67
0.896,0.896,-78
0.898,0.898,-73.33
0.9,0.9,-70.67
0.902,0.902,-62.67
0.904,0.904,-60.67
0.906,0.906,-59.33
0.908,0.908,-50.67
0.91,0.91,-50.67
0.912,0.912,-57.33
0.914,0.914,-53.33
0.916,0.916,-55.33
0.918,0.918,-76
0.92,0.92,-85.33
0.922,0.922,-88
0.924,0.924,-80
0.926,0.926,-76.67
0.928,0.928,-68.67
0.93,0.93,-58
0.932,0.932,-56
0.934,0.934,-50
0.936,0.936,-52.67
0.938,0.938,-42
0.94,0.94,-44
0.942,0.942,-30.67
0.944,0.944,-22.67
0.946,0.946,-26.67
0.948,0.948,-16.67
0.95,0.95,-14
0.952,0.952,-4.67
0.954,0.954,-10.67
0.956,0.956,-6.67
0.958,0.958,-33.33
0.96,0.96,-62
0.962,0.962,-79.33
0.964,0.964,-90
0.966,0.966,-71.33
0.968,0.968,-65.33
0.97,0.97,-57.33
0.972,0.972,-50
0.974,0.974,-42.67
0.976,0.976,-36
0.978,0.978,-32.67
0.98,0.98,-35.33
0.982,0.982,-50.67
0.984,0.984,-61.33
0.986,0.986,-67.33
0.988,0.988,-65.33
0.99,0.99,-58.67
0.992,0.992,-55.33
0.994,0.994,-47.33
0.996,0.996,-40.67
0.998,0.998,-40.67
1,1,-47.33
1.002,1.002,-61.33
1.004,1.004,-70
1.006,1.006,-66
1.008,1.008,-66
1.01,1.01,-59.33
1.012,1.012,-60
1.014,1.014,-50.67
1.016,1.016,-33.33
1.018,1.018,-36.67
1.02,1.02,-40
1.022,1.022,-22.67
1.024,1.024,-27.33
1.026,1.026,-42.67
1.028,1.028,-40.67
1.03,1.03,-48
1.032,1.032,-56.67
1.034,1.034,-75.33
1.036,1.036,-73.33
1.038,1.038,-87.33
1.04,1.04,-73.33
1.042,1.042,-66.67
1.044,1.044,-76.67
1.046,1.046,-66
1.048,1.048,-70.67
1.05,1.05,-63.33
1.052,1.052,-69.33
1.054,1.054,-68
1.056,1.056,-59.33
1.058,1.058,-66.67
1.06,1.06,-56.67
1.062,1.062,-47.33
1.064,1.064,-28.67
1.066,1.066,-16.67
1.068,1.068,-6.67
1.07,1.07,-7.33
1.072,1.072,1.33
1.074,1.074,-12.67
1.076,1.076,-16.67
1.078,1.078,-20.67
1.08,1.08,-25.33
1.082,1.082,-38.67
1.084,1.084,-31.33
1.086,1.086,-44
1.088,1.088,-45.33
1.09,1.09,-48
1.092,1.092,-52
1.094,1.094,-51.33
1.096,1.096,-53.33
1.098,1.098,-70.67
1.1,1.1,-56.67
1.102,1.102,-53.33
1.104,1.104,-46.67
1.106,1.106,-40
1.108,1.108,-29.33
1.11,1.11,-41.33
1.112,1.112,-40.67
1.114,1.114,-59.33
1.116,1.116,-60.67
1.118,1.118,-64.67
1.12,1.12,-57.33
1.122,1.122,-82.67
1.124,1.124,-74
1.126,1.126,-84.67
1.128,1.128,-76.67
1.13,1.13,-72.67
1.132,1.132,-54.67
1.134,1.134,-66
1.136,1.136,-67.33
1.138,1.138,-52.67
1.14,1.14,-52.67
1.142,1.142,-49.33
1.144,1.144,-50.67
1.146,1.146,-42
1.148,1.148,-52.67
1.15,1.15,-39.33
1.152,1.152,-34.67
1.154,1.154,-35.33
1.156,1.156,-37.33
1.158,1.158,-30
1.16,1.16,-24.67
1.162,1.162,-24.67
1.164,1.164,-28.67
1.166,1.166,-20
1.168,1.168,-22
1.17,1.17,-24.67
1.172,1.172,-33.33
1.174,1.174,-35.33
1.176,1.176,-34
1.178,1.178,-38
1.18,1.18,-24.67
1.182,1.182,-40.67
1.184,1.184,-28
1.186,1.186,-36
1.188,1.188,-29.33
1.19,1.19,-54.67
1.192,1.192,-60.67
1.194,1.194,-69.33
1.196,1.196,-70
1.198,1.198,-80
1.2,1.2,-79.33
1.202,1.202,-64.67
1.204,1.204,-74
1.206,1.206,-62
1.208,1.208,-72.67
1.21,1.21,-64.67
1.212,1.212,-56.67
1.214,1.214,-58
1.216,1.216,-39.33
1.218,1.218,-33.33
1.22,1.22,-49.33
1.222,1.222,-47.33
1.224,1.224,-34
1.226,1.226,-26.67
1.228,1.228,-21.33
1.23,1.23,-12.67
1.232,1.232,-12
1.234,1.234,-7.33
1.236,1.236,-10
1.238,1.238,-8
1.24,1.24,-6.67
1.242,1.242,-16
1.244,1.244,-41.33
1.246,1.246,-58
1.248,1.248,-75.33
1.25,1.25,-72
1.252,1.252,-68
1.254,1.254,-69.33
1.256,1.256,-58.67
1.258,1.258,-44.67
1.26,1.26,-42.67
1.262,1.262,-56
1.264,1.264,-48.67
1.266,1.266,-45.33
1.268,1.268,-45.33
1.27,1.27,-40.67
1.272,1.272,-38.67
1.274,1.274,-40.67
1.276,1.276,-32
1.278,1.278,-29.33
1.28,1.28,-22
1.282,1.282,-28
1.284,1.284,-40.67
1.286,1.286,-49.33
1.288,1.288,-68.67
1.29,1.29,-74.67
1.292,1.292,-60.67
1.294,1.294,-47.33
1.296,1.296,-64.67
1.298,1.298,-61.33
1.3,1.3,-56
1.302,1.302,-55.33
1.304,1.304,-49.33
1.306,1.306,-44.67
1.308,1.308,-38
1.31,1.31,-28
1.312,1.312,-30.67
1.314,1.314,-32
1.316,1.316,-24
1.318,1.318,-33.33
1.32,1.32,-48
1.322,1.322,-47.33
1.324,1.324,-50.67
1.326,1.326,-51.33
1.328,1.328,-57.33
1.33,1.33,-55.33
1.332,1.332,-52.67
1.334,1.334,-64
1.336,1.336,-64
1.338,1.338,-58
1.34,1.34,-64
1.342,1.342,-56
1.344,1.344,-43.33
1.346,1.346,-42
1.348,1.348,-29.33
1.35,1.35,-24
1.352,1.352,-17.33
1.354,1.354,-12
1.356,1.356,-18
1.358,1.358,-21.33
1.36,1.36,-26.67
1.362,1.362,-38
1.364,1.364,-50
1.366,1.366,-50.67
1.368,1.368,-64.67
1.37,1.37,-54
1.372,1.372,-68.67
1.374,1.374,-65.33
1.376,1.376,-56.67
1.378,1.378,-64.67
1.38,1.38,-54.67
1.382,1.382,-48.67
1.384,1.384,-39.33
1.386,1.386,-32.67
1.388,1.388,-25.33
1.39,1.39,-33.33
1.392,1.392,-24
1.394,1.394,-31.33
1.396,1.396,-20.67
1.398,1.398,-17.33
1.4,1.4,-22
1.402,1.402,-26.67
1.404,1.404,-34
1.406,1.406,-49.33
1.408,1.408,-49.33
1.41,1.41,-64.67
1.412,1.412,-78
1.414,1.414,-66
1.416,1.416,-48.67
1.418,1.418,-40.67
1.42,1.42,-48.67
1.422,1.422,-40
1.424,1.424,-32.67
1.426,1.426,-32.67
1.428,1.428,-25.33
1.43,1.43,-19.33
1.432,1.432,-10
1.434,1.434,-10
1.436,1.436,-0.67
1.438,1.438,-0.67
1.44,1.44,-3.33
1.442,1.442,-7.33
1.444,1.444,-6.67
1.446,1.446,-8.67
1.448,1.448,-8
1.45,1.45,-17.33
1.452,1.452,-38
1.454,1.454,-64.67
1.456,1.456,-72
1.458,1.458,-67.33
1.46,1.46,-58
1.462,1.462,-56
1.464,1.464,-66
1.466,1.466,-50.67
1.468,1.468,-42.67
1.47,1.47,-26
1.472,1.472,-14.67
1.474,1.474,-10
1.476,1.476,-5.33
1.478,1.478,-12.67
1.48,1.48,-10.67
1.482,1.482,-14
1.484,1.484,-22.67
1.486,1.486,-12.67
1.488,1.488,-12.67
1.49,1.49,-18.67
1.492,1.492,-36
1.494,1.494,-54.67
1.496,1.496,-75.33
1.498,1.498,-67.33
1.5,1.5,-65.33
1.502,1.502,-70.67
1.505,1.505,-62
1.508,1.508,-61.33
1.51,1.51,-52.67
1.512,1.512,-34
1.515,1.515,-30.67
1.518,1.518,-37.33
1.52,1.52,-27.33
1.522,1.522,-29.33
1.525,1.525,-31.33
1.528,1.528,-44
1.53,1.53,-48.67
1.532,1.532,-64.67
1.535,1.535,-78.67
1.538,1.538,-74.67
1.54,1.54,-76.67
1.542,1.542,-71.33
1.545,1.545,-56
1.548,1.548,-49.33
1.55,1.55,-39.33
1.552,1.552,-30
1.555,1.555,-32.67
1.558,1.558,-37.33
1.56,1.56,-35.33
1.562,1.562,-23.33
1.565,1.565,-22
1.567,1.567,-33.33
1.57,1.57,-41.33
1.573,1.573,-62.67
1.575,1.575,-67.33
1.577,1.577,-63.33
1.58,1.58,-50.67
1.583,1.583,-50.67
1.585,1.585,-38
1.587,1.587,-28.67
1.59,1.59,-32.67
1.593,1.593,-42
1.595,1.595,-32
1.597,1.597,-25.33
1.6,1.6,-20
1.603,1.603,-9.33
1.605,1.605,-21.33
1.607,1.607,-28.67
1.61,1.61,-28.67
1.613,1.613,-43.33
1.615,1.615,-40.67
1.617,1.617,-44.67
1.62,1.62,-28
1.623,1.623,-30
1.625,1.625,-35.33
1.627,1.627,-52
1.63,1.63,-21.33
1.633,1.633,-22.67
1.635,1.635,-22
1.637,1.637,-24.67
1.64,1.64,-30
1.643,1.643,-43.33
1.645,1.645,-54.67
1.647,1.647,-62.67
1.65,1.65,-63.33
1.653,1.653,-68
1.655,1.655,-70
1.657,1.657,-58.67
1.66,1.66,-60
1.663,1.663,-56.67
1.665,1.665,-60
1.667,1.667,-45.33
1.67,1.67,-43.33
1.673,1.673,-42
1.675,1.675,-21.33
1.677,1.677,-32.67
1.68,1.68,-28
1.683,1.683,-22.67
1.685,1.685,-24
1.688,1.688,-34
1.69,1.69,-32.67
1.692,1.692,-34.67
1.695,1.695,-39.33
1.698,1.698,-36
1.7,1.7,-57.33
1.702,1.702,-61.33
1.705,1.705,-59.33
1.708,1.708,-62.67
1.71,1.71,-46.67
1.712,1.712,-42
1.715,1.715,-40
1.718,1.718,-22.67
1.72,1.72,-19.33
1.722,1.722,-32.67
1.725,1.725,-37.33
1.728,1.728,-38
1.73,1.73,-34
1.732,1.732,-42
1.735,1.735,-24.67
1.738,1.738,-24.67
1.74,1.74,-32
1.742,1.742,-30.67
1.745,1.745,-60
1.748,1.748,-65.33
1.75,1.75,-62
1.752,1.752,-41.33
1.755,1.755,-34
1.758,1.758,-40
1.76,1.76,-20
1.762,1.762,-26.67
1.765,1.765,-17.33
1.768,1.768,-19.33
1.77,1.77,-16.67
1.772,1.772,-10
1.775,1.775,-20
1.778,1.778,-22.67
1.78,1.78,-28
1.782,1.782,-38
1.785,1.785,-36
1.788,1.788,-41.33
1.79,1.79,-50.67
1.792,1.792,-55.33
1.795,1.795,-57.33
1.798,1.798,-44
1.8,1.8,-48
1.802,1.802,-38
1.805,1.805,-30
1.808,1.808,-28.67
1.81,1.81,-19.33
1.812,1.812,-30
1.815,1.815,-25.33
1.817,1.817,-50
1.82,1.82,-39.33
1.823,1.823,-33.33
1.825,1.825,-32.67
1.827,1.827,-28
1.83,1.83,-12.67
1.833,1.833,-26.67
1.835,1.835,-30
1.837,1.837,-22.67
1.84,1.84,-22.67
1.843,1.843,-22.67
1.845,1.845,-25.33
1.847,1.847,-38
1.85,1.85,-26
1.853,1.853,-25.33
1.855,1.855,-22
1.857,1.857,-27.33
1.86,1.86,-44
1.863,1.863,-64
1.865,1.865,-62
1.867,1.867,-49.33
1.87,1.87,-48
1.873,1.873,-40
1.875,1.875,-40.67
1.877,1.877,-33.33
1.88,1.88,-36
1.883,1.883,-30.67
1.885,1.885,-34.67
1.887,1.887,-24
1.89,1.89,-30
1.893,1.893,-25.33
1.895,1.895,-34
1.897,1.897,-30.67
1.9,1.9,-52.67
1.903,1.903,-46.67
1.905,1.905,-52
1.907,1.907,-40
1.91,1.91,-38.67
1.913,1.913,-38.67
1.915,1.915,-31.33
1.917,1.917,-27.33
1.92,1.92,-31.33
1.923,1.923,-28
1.925,1.925,-18
1.927,1.927,-16.67
1.93,1.93,-18.67
1.933,1.933,-14.67
1.935,1.935,-19.33
1.938,1.938,-23.33
1.94,1.94,-18.67
1.942,1.942,-52.67
1.945,1.945,-53.33
1.948,1.948,-62.67
1.95,1.95,-58
1.952,1.952,-52.67
1.955,1.955,-44
1.958,1.958,-36
1.96,1.96,-42
1.962,1.962,-44.67
1.965,1.965,-34
1.968,1.968,-25.33
1.97,1.97,-34.67
1.972,1.972,-18
1.975,1.975,-21.33
1.978,1.978,-14.67
1.98,1.98,-6.67
1.982,1.982,-10
1.985,1.985,-8.67
1.988,1.988,-19.33
1.99,1.99,-28
1.992,1.992,-30
1.995,1.995,-23.33
1.998,1.998,-30.67
2,2,-41.33
2.002,2.002,-38.67
2.005,2.005,-46
2.007,2.007,-44
2.01,2.01,-21.33
2.013,2.013,-26.67
2.015,2.015,-38.67
2.018,2.018,-20.67
2.02,2.02,-22.67
2.022,2.022,-15.33
2.025,2.025,-0.67
2.027,2.027,-14
2.03,2.03,-7.33
2.033,2.033,-8.67
2.035,2.035,-22
2.038,2.038,-26.67
2.04,2.04,-29.33
2.042,2.042,-26
2.045,2.045,-46
2.047,2.047,-36.67
2.05,2.05,-32
2.053,2.053,-26
2.055,2.055,-24.67
2.058,2.058,-32.67
2.06,2.06,-34
2.062,2.062,-43.33
2.065,2.065,-63.33
2.067,2.067,-63.33
2.07,2.07,-65.33
2.072,2.072,-70
2.075,2.075,-62
2.078,2.078,-61.33
2.08,2.08,-48.67
2.083,2.083,-50.67
2.085,2.085,-41.33
2.087,2.087,-43.33
2.09,2.09,-31.33
2.092,2.092,-26.67
2.095,2.095,-17.33
2.098,2.098,-15.33
2.1,2.1,-14
2.103,2.103,-21.33
2.105,2.105,-28.67
2.107,2.107,-26.67
2.11,2.11,-18.67
2.112,2.112,-18
2.115,2.115,-18
2.118,2.118,-32.67
2.12,2.12,-30
2.123,2.123,-30
2.125,2.125,-18
2.127,2.127,-16
2.13,2.13,-6
2.132,2.132,-4
2.135,2.135,-4
2.138,2.138,-7.33
2.14,2.14,0
2.143,2.143,-14
2.145,2.145,-24.67
2.147,2.147,-51.33
2.15,2.15,-61.33
2.152,2.152,-66
2.155,2.155,-66.67
2.158,2.158,-58
2.16,2.16,-61.33
2.163,2.163,-47.33
2.165,2.165,-43.33
2.167,2.167,-36
2.17,2.17,-30.67
2.172,2.172,-29.33
2.175,2.175,-22
2.178,2.178,-18
2.18,2.18,-8.67
2.183,2.183,-12
2.185,2.185,-12.67
2.188,2.188,-10
2.19,2.19,-22
2.192,2.192,-30
2.195,2.195,-36
2.197,2.197,-40
2.2,2.2,-42
2.203,2.203,-40
2.205,2.205,-34
2.208,2.208,-24.67
2.21,2.21,-24
2.212,2.212,-15.33
2.215,2.215,-24
2.217,2.217,-25.33
2.22,2.22,-22.67
2.223,2.223,-17.33
2.225,2.225,-10.67
2.228,2.228,-12.67
2.23,2.23,-15.33
2.232,2.232,-17.33
2.235,2.235,-22
2.237,2.237,-38
2.24,2.24,-52
2.243,2.243,-42.67
2.245,2.245,-38
2.248,2.248,-32.67
2.25,2.25,-25.33
2.252,2.252,-14.67
2.255,2.255,-10.67
2.257,2.257,-6
2.26,2.26,1.33
2.263,2.263,-4.67
2.265,2.265,-14.67
2.268,2.268,-9.33
2.27,2.27,-16.67
2.272,2.272,-18
2.275,2.275,-42.67
2.277,2.277,-38
2.28,2.28,-40.67
2.283,2.283,-45.33
2.285,2.285,-38
2.288,2.288,-30.67
2.29,2.29,-30
2.292,2.292,-15.33
2.295,2.295,-14.67
2.297,2.297,-2.67
2.3,2.3,-3.33
2.303,2.303,-8.67
2.305,2.305,-8
2.308,2.308,-13.33
2.31,2.31,-25.33
2.312,2.312,-31.33
2.315,2.315,-34
2.317,2.317,-34.67
2.32,2.32,-35.33
2.322,2.322,-24.67
2.325,2.325,-19.33
2.328,2.328,-27.33
2.33,2.33,-27.33
2.333,2.333,-19.33
2.335,2.335,-10.67
2.337,2.337,-4
2.34,2.34,2
2.342,2.342,-6.67
2.345,2.345,-9.33
2.348,2.348,-1.33
2.35,2.35,-23.33
2.353,2.353,-32.67
2.355,2.355,-38
2.357,2.357,-48.67
2.36,2.36,-46
2.362,2.362,-35.33
2.365,2.365,-42.67
2.368,2.368,-26.67
2.37,2.37,-32.67
2.373,2.373,-26.67
2.375,2.375,-10.67
2.377,2.377,-10
2.38,2.38,-9.33
2.382,2.382,-0.67
2.385,2.385,-6.67
2.388,2.388,-16.67
2.39,2.39,-20.67
2.393,2.393,-24.67
2.395,2.395,-12
2.397,2.397,-15.33
2.4,2.4,-16.67
2.402,2.402,-29.33
2.405,2.405,-30.67
2.408,2.408,-12
2.41,2.41,-4
2.413,2.413,-9.33
2.415,2.415,-9.33
2.417,2.417,-6.67
2.42,2.42,-8
2.422,2.422,-20
2.425,2.425,-17.33
2.428,2.428,-28.67
2.43,2.43,-46.67
2.433,2.433,-62.67
2.435,2.435,-57.33
2.438,2.438,-60.67
2.44,2.44,-52
2.442,2.442,-51.33
2.445,2.445,-48
2.447,2.447,-45.33
2.45,2.45,-33.33
2.453,2.453,-30.67
2.455,2.455,-14.67
2.458,2.458,-10.67
2.46,2.46,-10.67
2.462,2.462,1.33
2.465,2.465,-1.33
2.467,2.467,-5.33
2.47,2.47,-6
2.473,2.473,-13.33
2.475,2.475,-22.67
2.478,2.478,-31.33
2.48,2.48,-31.33
2.482,2.482,-48.67
2.485,2.485,-50.67
2.487,2.487,-62
2.49,2.49,-40
2.493,2.493,-28
2.495,2.495,-26
2.498,2.498,-13.33
2.5,2.5,3.33
2.502,2.502,-8
2.505,2.505,-16.67
2.507,2.507,-12.67
2.51,2.51,-28
2.513,2.513,-35.33
2.515,2.515,-44
2.518,2.518,-59.33
2.52,2.52,-60
2.522,2.522,-55.33
2.525,2.525,-60
2.527,2.527,-53.33
2.53,2.53,-44
2.533,2.533,-46.67
2.535,2.535,-33.33
2.538,2.538,-34
2.54,2.54,-26.67
2.542,2.542,-8
2.545,2.545,-2.67
2.547,2.547,3.33
2.55,2.55,1.33
2.553,2.553,-3.33
2.555,2.555,-13.33
2.558,2.558,-10.67
2.56,2.56,-9.33
2.562,2.562,-10
2.565,2.565,-26.67
2.567,2.567,-20
2.57,2.57,-16
2.572,2.572,-16
2.575,2.575,-12
2.578,2.578,-6
2.58,2.58,0
2.583,2.583,-2
2.585,2.585,4.67
2.587,2.587,-2.67
2.59,2.59,-13.33
2.592,2.592,-14.67
2.595,2.595,-16
2.598,2.598,-34
2.6,2.6,-44.67
2.603,2.603,-42
2.605,2.605,-38.67
2.607,2.607,-41.33
2.61,2.61,-26
2.612,2.612,-27.33
2.615,2.615,-14
2.618,2.618,-14.67
2.62,2.62,-2.67
2.623,2.623,-0.67
2.625,2.625,-5.33
2.627,2.627,-2
2.63,2.63,0
2.632,2.632,-14
2.635,2.635,-14.67
2.638,2.638,-16.67
2.64,2.64,-28.67
2.643,2.643,-32.67
2.645,2.645,-40.67
2.647,2.647,-30.67
2.65,2.65,-18.67
2.652,2.652,-12
2.655,2.655,-8
2.658,2.658,6
2.66,2.66,0
2.663,2.663,12
2.665,2.665,-1.33
2.667,2.667,-0.67
2.67,2.67,2.67
2.672,2.672,2
2.675,2.675,0.67
2.678,2.678,-8.67
2.68,2.68,-9.33
2.683,2.683,-20.67
2.685,2.685,-30
2.688,2.688,-34.67
2.69,2.69,-25.33
2.692,2.692,-20
2.695,2.695,-25.33
2.697,2.697,-22.67
2.7,2.7,-25.33
2.703,2.703,-16.67
2.705,2.705,-37.33
2.708,2.708,-35.33
2.71,2.71,-31.33
2.712,2.712,-35.33
2.715,2.715,-42.67
2.717,2.717,-38
2.72,2.72,-38
2.723,2.723,-36
2.725,2.725,-28.67
2.728,2.728,-25.33
2.73,2.73,-16
2.732,2.732,-10.67
2.735,2.735,-2.67
2.737,2.737,7.33
2.74,2.74,3.33
2.743,2.743,12.67
2.745,2.745,5.33
2.748,2.748,9.33
2.75,2.75,6.67
2.752,2.752,1.33
2.755,2.755,2.67
2.757,2.757,4.67
2.76,2.76,-2.67
2.763,2.763,-0.67
2.765,2.765,-0.67
2.768,2.768,5.33
2.77,2.77,6.67
2.772,2.772,-3.33
2.775,2.775,-5.33
2.777,2.777,0
2.78,2.78,3.33
2.783,2.783,4.67
2.785,2.785,2.67
2.788,2.788,-0.67
2.79,2.79,1.33
2.792,2.792,-2
2.795,2.795,-12
2.797,2.797,-11.33
2.8,2.8,-18
2.803,2.803,-34
2.805,2.805,-36.67
2.808,2.808,-33.33
2.81,2.81,-28
2.812,2.812,-28.67
2.815,2.815,-26.67
2.817,2.817,-14.67
2.82,2.82,-10
2.822,2.822,-2
2.825,2.825,5.33
2.828,2.828,7.33
2.83,2.83,4.67
2.833,2.833,8
2.835,2.835,4
2.837,2.837,-2.67
2.84,2.84,-7.33
2.842,2.842,-12.67
2.845,2.845,-10
2.848,2.848,-18
2.85,2.85,-11.33
2.853,2.853,-12.67
2.855,2.855,-14
2.857,2.857,-6.67
2.86,2.86,2.67
2.862,2.862,-1.33
2.865,2.865,-9.33
2.868,2.868,-5.33
2.87,2.87,-4.67
2.873,2.873,0
2.875,2.875,0
2.877,2.877,-16
2.88,2.88,-16.67
2.882,2.882,-14.67
2.885,2.885,-18
2.888,2.888,-15.33
2.89,2.89,-17.33
2.893,2.893,-7.33
2.895,2.895,-4
2.897,2.897,6
2.9,2.9,0.67
2.902,2.902,1.33
2.905,2.905,-6
2.908,2.908,-3.33
2.91,2.91,-2.67
2.913,2.913,-4.67
2.915,2.915,-17.33
2.917,2.917,-12
2.92,2.92,-18.67
2.922,2.922,-18
2.925,2.925,-18
2.928,2.928,-6.67
2.93,2.93,-13.33
2.933,2.933,-18.67
2.935,2.935,-5.33
2.938,2.938,3.33
2.94,2.94,9.33
2.942,2.942,18.67
2.945,2.945,18.67
2.947,2.947,11.33
2.95,2.95,20
2.953,2.953,20.67
2.955,2.955,4.67
2.958,2.958,0
2.96,2.96,10
2.962,2.962,3.33
2.965,2.965,4.67
2.967,2.967,-8
2.97,2.97,-4.67
2.973,2.973,-6.67
2.975,2.975,-16.67
2.978,2.978,-13.33
2.98,2.98,-14.67
2.982,2.982,-2
2.985,2.985,10.67
2.987,2.987,5.33
2.99,2.99,3.33
2.993,2.993,1.33
2.995,2.995,2
2.998,2.998,0.67
3,3,-8.67
3.005,3.005,-14
3.01,3.01,-15.33
3.015,3.015,-19.33
3.02,3.02,-17.33
3.025,3.025,-6
3.03,3.03,6.67
3.035,3.035,9.33
3.04,3.04,0
3.045,3.045,-5.33
3.05,3.05,-6.67
3.055,3.055,6
3.06,3.06,18.67
3.065,3.065,12
3.07,3.07,9.33
3.075,3.075,8.67
3.08,3.08,9.33
3.085,3.085,19.33
3.09,3.09,3.33
3.095,3.095,3.33
3.1,3.1,10
3.105,3.105,11.26
3.11,3.11,6.52
3.115,3.115,0.44
3.12,3.12,-2.3
3.125,3.125,-7.7
3.13,3.13,-10.44
3.135,3.135,-15.19
3.14,3.14,-10.59
3.145,3.145,-8.67
3.15,3.15,3.93
3.155,3.155,17.85
3.16,3.16,13.78
3.165,3.165,11.7
3.17,3.17,4.96
3.175,3.175,1.56
3.18,3.18,3.48
3.185,3.185,8.74
3.19,3.19,17.33
3.195,3.195,7.93
3.2,3.2,12.52
3.205,3.205,13.78
3.21,3.21,12.37
3.215,3.215,0.3
3.22,3.22,4.89
3.225,3.225,-0.52
3.23,3.23,4.74
3.235,3.235,-2.67
3.24,3.24,10.59
3.245,3.245,10.52
3.25,3.25,11.11
3.255,3.255,1.7
3.26,3.26,2.3
3.265,3.265,-8.44
3.27,3.27,-5.19
3.275,3.275,-9.26
3.28,3.28,-4.67
3.285,3.285,-14.07
3.29,3.29,-30.81
3.295,3.295,-36.89
3.3,3.3,-34.96
3.305,3.305,-15.7
3.31,3.31,-12.44
3.315,3.315,-2.52
3.32,3.32,5.41
3.325,3.325,-1.33
3.33,3.33,-2.07
3.335,3.335,-4.81
3.34,3.34,-15.56
3.345,3.345,-8.96
3.35,3.35,-0.37
3.355,3.355,-3.11
3.36,3.36,0.15
3.365,3.365,4.07
3.37,3.37,1.33
3.375,3.375,-12.07
3.38,3.38,-12.15
3.385,3.385,-5.56
3.39,3.39,0.37
3.395,3.395,5.63
3.4,3.4,2.22
3.405,3.405,1.48
3.41,3.41,5.41
3.415,3.415,11.33
3.42,3.42,3.93
3.425,3.425,-2.81
3.43,3.43,3.11
3.435,3.435,17.04
3.44,3.44,16.96
3.445,3.445,7.56
3.45,3.45,2.15
3.455,3.455,8.07
3.46,3.46,5.33
3.465,3.465,-5.41
3.47,3.47,3.85
3.475,3.475,15.11
3.48,3.48,17.04
3.485,3.485,9.63
3.49,3.49,10.89
3.495,3.495,5.48
3.5,3.5,14.07
3.505,3.505,12.67
3.51,3.51,11.26
3.515,3.515,6.52
3.52,3.52,1.78
3.525,3.525,-2.96
3.53,3.53,-0.37
3.535,3.535,8.22
3.54,3.54,14.15
3.545,3.545,8.07
3.55,3.55,1.33
3.555,3.555,0.59
3.56,3.56,-0.81
3.565,3.565,5.11
3.57,3.57,15.7
3.575,3.575,12.3
3.58,3.58,-3.78
3.585,3.585,-2.52
3.59,3.59,-1.93
3.595,3.595,8.67
3.6,3.6,7.93
3.605,3.605,1.85
3.61,3.61,12.44
3.615,3.615,5.04
3.62,3.62,-5.7
3.625,3.625,-14.44
3.63,3.63,-19.85
3.635,3.635,-11.93
3.64,3.64,4
3.645,3.645,8.59
3.65,3.65,9.85
3.655,3.655,-2.22
3.66,3.66,-4.96
3.665,3.665,-19.7
3.67,3.67,-23.11
3.675,3.675,-7.19
3.68,3.68,3.41
3.685,3.685,8
3.69,3.69,11.93
3.695,3.695,5.19
3.7,3.7,3.11
3.705,3.705,-0.3
3.71,3.71,-12.37
3.715,3.715,-13.11
3.72,3.72,8.15
3.725,3.725,17.41
3.73,3.73,6
3.735,3.735,10.59
3.74,3.74,8.52
3.745,3.745,-7.56
3.75,3.75,0.37
3.755,3.755,6.96
3.76,3.76,10.22
3.765,3.765,12.81
3.77,3.77,-0.59
3.775,3.775,0
3.78,3.78,1.93
3.785,3.785,7.19
3.79,3.79,1.11
3.795,3.795,-8.96
3.8,3.8,4.96
3.805,3.805,-1.78
3.81,3.81,1.48
3.815,3.815,4.74
3.82,3.82,5.33
3.825,3.825,-10.07
3.83,3.83,-12.81
3.835,3.835,1.11
3.84,3.84,13.7
3.845,3.845,12.3
3.85,3.85,10.89
3.855,3.855,11.48
3.86,3.86,11.41
3.865,3.865,-7.33
3.87,3.87,-6.74
3.875,3.875,-12.81
3.88,3.88,3.11
3.885,3.885,7.04
3.89,3.89,10.96
3.895,3.895,-0.44
3.9,3.9,8.81
3.905,3.905,8.74
3.91,3.91,12
3.915,3.915,-1.41
3.92,3.92,-2.15
3.925,3.925,9.11
3.93,3.93,10.37
3.935,3.935,14.3
3.94,3.94,4.89
3.945,3.945,0.15
3.95,3.95,1.41
3.955,3.955,9.33
3.96,3.96,9.93
3.965,3.965,6.52
3.97,3.97,1.78
3.975,3.975,1.7
3.98,3.98,-1.7
3.985,3.985,-1.78
3.99,3.99,-13.85
3.995,3.995,-17.93
4,4,-13.33
4.005,4.005,-8.74
4.01,4.01,4.52
4.015,4.015,5.11
4.02,4.02,-2.96
4.025,4.025,0.3
4.03,4.03,-6.44
4.035,4.035,-9.85
4.04,4.04,-11.93
4.045,4.045,-9.33
4.05,4.05,-2.74
4.055,4.055,-2.81
4.06,4.06,-5.56
4.065,4.065,0.37
4.07,4.07,-4.37
4.075,4.075,-0.44
4.08,4.08,0.15
4.085,4.085,-1.26
4.09,4.09,-4
4.095,4.095,-4.07
4.1,4.1,9.19
4.105,4.105,8.44
4.11,4.11,9.04
4.115,4.115,6.3
4.12,4.12,4.22
4.125,4.125,0.15
4.13,4.13,12.07
4.135,4.135,1.33
4.14,4.14,5.26
4.145,4.145,1.19
4.15,4.15,-7.56
4.155,4.155,-10.96
4.16,4.16,-7.7
4.165,4.165,-0.44
4.17,4.17,-4.52
4.175,4.175,0.07
4.18,4.18,8
4.185,4.185,8.59
4.19,4.19,2.52
4.195,4.195,-3.56
4.2,4.2,-8.3
4.205,4.205,-3.7
4.21,4.21,-1.11
4.215,4.215,8.81
4.22,4.22,-1.26
4.225,4.225,0
4.23,4.23,4.59
4.235,4.235,-3.48
4.24,4.24,-3.56
4.245,4.245,-5.63
4.25,4.25,-1.04
4.255,4.255,-8.44
4.26,4.26,1.48
4.265,4.265,0.74
4.27,4.27,6
4.275,4.275,-6.07
4.28,4.28,4.52
4.285,4.285,1.11
4.29,4.29,-3.63
4.295,4.295,-4.37
4.3,4.3,-5.11
4.305,4.305,5.48
4.31,4.31,6.74
4.315,4.315,7.33
4.32,4.32,7.93
4.325,4.325,8.52
4.33,4.33,-2.89
4.335,4.335,7.04
4.34,4.34,14.96
4.345,4.345,5.56
4.35,4.35,7.48
4.355,4.355,4.07
4.36,4.36,-5.33
4.365,4.365,-8.07
4.37,4.37,-0.15
4.375,4.375,3.78
4.38,4.38,-2.3
4.385,4.385,12.3
4.39,4.39,7.56
4.395,4.395,0.15
4.4,4.4,-3.26
4.405,4.405,-9.33
4.41,4.41,-6.07
4.415,4.415,-12.81
4.42,4.42,-2.22
4.425,4.425,-0.3
4.43,4.43,3.63
4.435,4.435,0.89
4.44,4.44,3.48
4.445,4.445,2.07
4.45,4.45,-6.67
4.455,4.455,-1.41
4.46,4.46,5.19
4.465,4.465,5.11
4.47,4.47,3.7
4.475,4.475,4.3
4.48,4.48,-1.78
4.485,4.485,0.15
4.49,4.49,-11.93
4.495,4.495,-12
4.5,4.5,-13.41
4.505,4.505,-10.15
4.51,4.51,-0.89
4.515,4.515,-4.96
4.52,4.52,8.3
4.525,4.525,-6.44
4.53,4.53,-8.52
4.535,4.535,-11.93
4.54,4.54,2.67
4.545,4.545,6.59
4.55,4.55,1.85
4.555,4.555,0.44
4.56,4.56,-7.63
4.565,4.565,-1.7
4.57,4.57,-5.11
4.575,4.575,-17.19
4.58,4.58,-13.93
4.585,4.585,-13.33
4.59,4.59,-6.74
4.595,4.595,-6.81
4.6,4.6,-5.56
4.605,4.605,-12.96
4.61,4.61,-16.37
4.615,4.615,-10.44
4.62,4.62,-9.85
4.625,4.625,-7.93
4.63,4.63,-8.67
4.635,4.635,-4.07
4.64,4.64,-4.15
4.645,4.645,-2.89
4.65,4.65,-13.63
4.655,4.655,-16.37
4.66,4.66,0.22
4.665,4.665,-5.85
4.67,4.67,1.41
4.675,4.675,-2.67
4.68,4.68,1.26
4.685,4.685,-12.15
4.69,4.69,-19.56
4.695,4.695,-13.63
4.7,4.7,-17.04
4.705,4.705,-6.44
4.71,4.71,-3.19
4.715,4.715,-10.59
4.72,4.72,-5.33
4.725,4.725,-17.41
4.73,4.73,-18.15
4.735,4.735,-14.89
4.74,4.74,-2.96
4.745,4.745,-6.37
4.75,4.75,-11.78
4.755,4.755,0.15
4.76,4.76,-3.93
4.765,4.765,-9.33
4.77,4.77,-22.74
4.775,4.775,-20.81
4.78,4.78,-9.56
4.785,4.785,-8.96
4.79,4.79,-5.04
4.795,4.795,-7.11
4.8,4.8,-9.19
4.805,4.805,-9.26
4.81,4.81,-20
4.815,4.815,-20.07
4.82,4.82,-12.15
4.825,4.825,1.11
4.83,4.83,-0.3
4.835,4.835,-7.7
4.84,4.84,-13.11
4.845,4.845,-26.52
4.85,4.85,-30.59
4.855,4.855,-16
4.86,4.86,-14.74
4.865,4.865,-9.48
4.87,4.87,-2.89
4.875,4.875,-1.63
4.88,4.88,-5.04
4.885,4.885,-23.11
4.89,4.89,-29.19
4.895,4.895,-31.26
4.9,4.9,-21.33
4.905,4.905,-13.41
4.91,4.91,-1.48
4.915,4.915,-1.56
4.92,4.92,-8.96
4.925,4.925,3.63
4.93,4.93,-5.78
4.935,4.935,-13.85
4.94,4.94,-16.59
4.945,4.945,-14
4.95,4.95,-15.41
4.955,4.955,-1.48
4.96,4.96,-2.89
4.965,4.965,-6.3
4.97,4.97,-7.7
4.975,4.975,-8.44
4.98,4.98,-23.85
4.985,4.985,-9.26
4.99,4.99,4.67
4.995,4.995,-2.74
5,5,1.19
5.005,5.005,-9.56
5.01,5.01,-8.96
5.015,5.015,-4.37
5.02,5.02,4.22
5.025,5.025,4.15
5.03,5.03,2.07
5.035,5.035,0.67
5.04,5.04,-17.41
5.045,5.045,-24.81
5.05,5.05,-16.22
5.055,5.055,-17.63
5.06,5.06,-3.7
5.065,5.065,-7.11
5.07,5.07,-9.19
5.075,5.075,6.74
5.08,5.08,0.67
5.085,5.085,-1.41
5.09,5.09,8.52
5.095,5.095,-6.22
5.1,5.1,-14.3
5.105,5.105,-17.04
5.11,5.11,-9.11
5.115,5.115,-5.19
5.12,5.12,-1.26
5.125,5.125,4
5.13,5.13,6.59
5.135,5.135,8.52
5.14,5.14,-10.89
5.145,5.145,-8.3
5.15,5.15,-7.7
5.155,5.155,-9.11
5.16,5.16,-3.19
5.165,5.165,-11.93
5.17,5.17,-16.67
5.175,5.175,-29.41
5.18,5.18,-22.81
5.185,5.185,-16.89
5.19,5.19,-15.63
5.195,5.195,-3.7
5.2,5.2,-6.44
5.205,5.205,-15.85
5.21,5.21,-13.26
5.215,5.215,-7.33
5.22,5.22,-5.41
5.225,5.225,-11.48
5.23,5.23,-14.89
5.235,5.235,-0.96
5.24,5.24,-11.04
5.245,5.245,-14.44
5.25,5.25,-20.52
5.255,5.255,-22.59
5.26,5.26,-17.33
5.265,5.265,-15.41
5.27,5.27,-3.48
5.275,5.275,-9.56
5.28,5.28,-9.63
5.285,5.285,-3.7
5.29,5.29,-11.78
5.295,5.295,-15.19
5.3,5.3,-11.26
5.305,5.305,-3.33
5.31,5.31,-3.41
5.315,5.315,-6.81
5.32,5.32,-11.56
5.325,5.325,-12.79
5.33,5.33,-8.04
5.335,5.335,-7.35
5.34,5.34,-10.75
5.345,5.345,-14.78
5.35,5.35,-12.5
5.355,5.355,-3.88
5.36,5.36,-0.25
5.365,5.365,-4.33
5.37,5.37,-14
5.375,5.375,-20
5.38,5.38,-19.59
5.385,5.385,-18.53
5.39,5.39,-15.06
5.395,5.395,-13.51
5.4,5.4,-9.99
5.405,5.405,-10.24
5.41,5.41,-11.97
5.415,5.415,-15.13
5.42,5.42,-16.51
5.425,5.425,-15.34
5.43,5.43,-13.67
5.435,5.435,-10.39
5.44,5.44,-8.06
5.445,5.445,-9.24
5.45,5.45,-13.58
5.455,5.455,-16.8
5.46,5.46,-17.47
5.465,5.465,-11.07
5.47,5.47,-7.38
5.475,5.475,-6.54
5.48,5.48,-13.29
5.485,5.485,-15.23
5.49,5.49,-16.08
5.495,5.495,-17.27
5.5,5.5,-30.4
5.505,5.505,-35.99
5.51,5.51,-33.08
5.515,5.515,-24.95
5.52,5.52,-23.42
5.525,5.525,-28.27
5.53,5.53,-29.21
5.535,5.535,-30.69
5.54,5.54,-31.6
5.545,5.545,-30.63
5.55,5.55,-24.99
5.555,5.555,-19.09
5.56,5.56,-14.24
5.565,5.565,-9.53
5.57,5.57,-9.65
5.575,5.575,-14.73
5.58,5.58,-18.96
5.585,5.585,-23.42
5.59,5.59,-24.04
5.595,5.595,-27.92
5.6,5.6,-25.94
5.605,5.605,-23.46
5.61,5.61,-20.53
5.615,5.615,-22.21
5.62,5.62,-26.26
5.625,5.625,-28.12
5.63,5.63,-24.69
5.635,5.635,-21.91
5.64,5.64,-18.77
5.645,5.645,-18.42
5.65,5.65,-16.21
5.655,5.655,-16.71
5.66,5.66,-13.53
5.665,5.665,-13.82
5.67,5.67,-17.17
5.675,5.675,-22.06
5.68,5.68,-23.35
5.685,5.685,-17.2
5.69,5.69,-12.24
5.695,5.695,-12.64
5.7,5.7,-21.09
5.705,5.705,-29.38
5.71,5.71,-29.52
5.715,5.715,-21.8
5.72,5.72,-18.18
5.725,5.725,-17.37
5.73,5.73,-22.7
5.735,5.735,-30.14
5.74,5.74,-40.62
5.745,5.745,-47.15
5.75,5.75,-50.63
5.755,5.755,-49.49
5.76,5.76,-44.61
5.765,5.765,-33.07
5.77,5.77,-23.43
5.775,5.775,-18.44
5.78,5.78,-17.5
5.785,5.785,-26.65
5.79,5.79,-34.11
5.795,5.795,-37.32
5.8,5.8,-26.98
5.805,5.805,-20.99
5.81,5.81,-19.54
5.815,5.815,-21.38
5.82,5.82,-20.03
5.825,5.825,-20.48
5.83,5.83,-27.56
5.835,5.835,-35.42
5.84,5.84,-35.54
5.845,5.845,-28.86
5.85,5.85,-21.39
5.855,5.855,-22.46
5.86,5.86,-23.16
5.865,5.865,-26.99
5.87,5.87,-26.25
5.875,5.875,-25.57
5.88,5.88,-19.44
5.885,5.885,-18.17
5.89,5.89,-14.62
5.895,5.895,-16.86
5.9,5.9,-21.21
5.905,5.905,-25.2
5.91,5.91,-26.63
5.915,5.915,-21.43
5.92,5.92,-21.36
5.925,5.925,-20.07
5.93,5.93,-18.67
5.935,5.935,-11.52
5.94,5.94,-12.38
5.945,5.945,-15.85
5.95,5.95,-24.98
5.955,5.955,-27.11
5.96,5.96,-28.57
5.965,5.965,-26.36
5.97,5.97,-24.96
5.975,5.975,-22.74
5.98,5.98,-20.62
5.985,5.985,-19.35
5.99,5.99,-20.93
5.995,5.995,-29.42
6,6,-34.1
6.005,6.005,-33.87
6.01,6.01,-26.93
6.015,6.015,-21.33
6.02,6.02,-23.04
6.025,6.025,-23.46
6.03,6.03,-27.92
6.035,6.035,-30.17
6.04,6.04,-33.3
6.045,6.045,-29.95
6.05,6.05,-26.22
6.055,6.055,-23.11
6.06,6.06,-23.78
6.065,6.065,-23.78
6.07,6.07,-28
6.075,6.075,-36.44
6.08,6.08,-34.42
6.085,6.085,-26.72
6.09,6.09,-17.46
6.095,6.095,-17.54
6.1,6.1,-18.34
6.105,6.105,-23.6
6.11,6.11,-30.28
6.115,6.115,-37.03
6.12,6.12,-34.47
6.125,6.125,-24.86
6.13,6.13,-22.99
6.135,6.135,-20.13
6.14,6.14,-23.43
6.145,6.145,-20.68
6.15,6.15,-22.85
6.155,6.155,-24.31
6.16,6.16,-18.89
6.165,6.165,-17.78
6.17,6.17,-18.24
6.175,6.175,-23.88
6.18,6.18,-23.08
6.185,6.185,-20.26
6.19,6.19,-19.33
6.195,6.195,-25.98
6.2,6.2,-31.37
6.205,6.205,-31.51
6.21,6.21,-25.64
6.215,6.215,-19.86
6.22,6.22,-17.83
6.225,6.225,-19.24
6.23,6.23,-24
6.235,6.235,-32.99
6.24,6.24,-34.39
6.245,6.245,-30.96
6.25,6.25,-24.11
6.255,6.255,-21.71
6.26,6.26,-19.88
6.265,6.265,-19.74
6.27,6.27,-21.67
6.275,6.275,-23.1
6.28,6.28,-23.19
6.285,6.285,-21.78
6.29,6.29,-18
6.295,6.295,-15.84
6.3,6.3,-15.08
6.305,6.305,-19.68
6.31,6.31,-20.57
6.315,6.315,-19.84
6.32,6.32,-19.34
6.325,6.325,-21.34
6.33,6.33,-23.8
6.335,6.335,-24.57
6.34,6.34,-22.36
6.345,6.345,-15.87
6.35,6.35,-11.05
6.355,6.355,-8.32
6.36,6.36,-13.78
6.365,6.365,-18.3
6.37,6.37,-21.2
6.375,6.375,-17.4
6.38,6.38,-12.57
6.385,6.385,-13.66
6.39,6.39,-15.05
6.395,6.395,-18.86
6.4,6.4,-20.58
6.405,6.405,-20.39
6.41,6.41,-18.96
6.415,6.415,-14.86
6.42,6.42,-13.09
6.425,6.425,-12.04
6.43,6.43,-13.2
6.435,6.435,-14.44
6.44,6.44,-18.85
6.445,6.445,-22.93
6.45,6.45,-24.02
6.455,6.455,-22.79
6.46,6.46,-19.43
6.465,6.465,-20.83
6.47,6.47,-20.19
6.475,6.475,-21.05
6.48,6.48,-21.3
6.485,6.485,-20.41
6.49,6.49,-21.37
6.495,6.495,-21.69
6.5,6.5,-24.63
6.505,6.505,-26.06
6.51,6.51,-23.42
6.515,6.515,-21.69
6.52,6.52,-21.61
6.525,6.525,-22.01
6.53,6.53,-20.24
6.535,6.535,-17.89
6.54,6.54,-22.53
6.545,6.545,-25.65
6.55,6.55,-25.76
6.555,6.555,-23.19
6.56,6.56,-23.26
6.565,6.565,-24.09
6.57,6.57,-23.26
6.575,6.575,-21.97
6.58,6.58,-21.54
6.585,6.585,-19.68
6.59,6.59,-20.24
6.595,6.595,-22.07
6.6,6.6,-25.19
6.605,6.605,-24.37
6.61,6.61,-23.7
6.615,6.615,-21.48
6.62,6.62,-20.44
6.625,6.625,-16.74
6.63,6.63,-13.19
6.635,6.635,-13.53
6.64,6.64,-18.76
6.645,6.645,-25.88
6.65,6.65,-26.76
6.655,6.655,-24.75
6.66,6.66,-20.41
6.665,6.665,-22.02
6.67,6.67,-22.6
6.675,6.675,-24.75
6.68,6.68,-24.05
6.685,6.685,-24.16
6.69,6.69,-24.31
6.695,6.695,-23.13
6.7,6.7,-19.67
6.705,6.705,-17.08
6.71,6.71,-17.65
6.715,6.715,-18.59
6.72,6.72,-20.12
6.725,6.725,-18.65
6.73,6.73,-21.46
6.735,6.735,-21.67
6.74,6.74,-22.06
6.745,6.745,-18.37
6.75,6.75,-13.8
6.755,6.755,-8.32
6.76,6.76,-7.34
6.765,6.765,-10.76
6.77,6.77,-15.93
6.775,6.775,-19.13
6.78,6.78,-22.87
6.785,6.785,-23.35
6.79,6.79,-21.64
6.795,6.795,-20.93
6.8,6.8,-22.06
6.805,6.805,-24.12
6.81,6.81,-22.15
6.815,6.815,-17.27
6.82,6.82,-16.24
6.825,6.825,-15.27
6.83,6.83,-19.82
6.835,6.835,-16.57
6.84,6.84,-15.15
6.845,6.845,-15.27
6.85,6.85,-23.87
6.855,6.855,-29.64
6.86,6.86,-31.69
6.865,6.865,-26.45
6.87,6.87,-18.23
6.875,6.875,-17.1
6.88,6.88,-17.89
6.885,6.885,-25.19
6.89,6.89,-26
6.895,6.895,-30.26
6.9,6.9,-27.24
6.905,6.905,-26.58
6.91,6.91,-21.57
6.915,6.915,-20.55
6.92,6.92,-16.55
6.925,6.925,-15.58
6.93,6.93,-18.47
6.935,6.935,-22.62
6.94,6.94,-25.25
6.945,6.945,-26.67
6.95,6.95,-23.9
6.955,6.955,-18.89
6.96,6.96,-12.05
6.965,6.965,-10
6.97,6.97,-13.66
6.975,6.975,-16.74
6.98,6.98,-20.25
6.985,6.985,-18
6.99,6.99,-17.26
6.995,6.995,-12.6
7,7,-14.22
7.005,7.005,-18.08
7.01,7.01,-23.77
7.015,7.015,-23.99
7.02,7.02,-23.14
7.025,7.025,-23.18
7.03,7.03,-26.93
7.035,7.035,-26.58
7.04,7.04,-23.36
7.045,7.045,-24.52
7.05,7.05,-24.67
7.055,7.055,-26.98
7.06,7.06,-22.8
7.065,7.065,-20.39
7.07,7.07,-18.08
7.075,7.075,-15.76
7.08,7.08,-13.94
7.085,7.085,-14.15
7.09,7.09,-17.69
7.095,7.095,-23.88
7.1,7.1,-27.84
7.105,7.105,-26.07
7.11,7.11,-21.32
7.115,7.115,-18.02
7.12,7.12,-18.24
7.125,7.125,-21.32
7.13,7.13,-24.4
7.135,7.135,-26.39
7.14,7.14,-27.33
7.145,7.145,-24.57
7.15,7.15,-20.71
7.155,7.155,-17.22
7.16,7.16,-13.65
7.165,7.165,-12.98
7.17,7.17,-15.41
7.175,7.175,-21.87
7.18,7.18,-27.52
7.185,7.185,-26.53
7.19,7.19,-20.68
7.195,7.195,-12.89
7.2,7.2,-7.65
7.205,7.205,-7.63
7.21,7.21,-9.39
7.215,7.215,-15.03
7.22,7.22,-20.25
7.225,7.225,-23.26
7.23,7.23,-23.04
7.235,7.235,-20.43
7.24,7.24,-15.67
7.245,7.245,-13.14
7.25,7.25,-12.71
7.255,7.255,-19.16
7.26,7.26,-22.94
7.265,7.265,-24.44
7.27,7.27,-21.56
7.275,7.275,-17.67
7.28,7.28,-16.06
7.285,7.285,-16.77
7.29,7.29,-19.69
7.295,7.295,-21.51
7.3,7.3,-21.7
7.305,7.305,-20.98
7.31,7.31,-18.08
7.315,7.315,-14.98
7.32,7.32,-11.1
7.325,7.325,-10.75
7.33,7.33,-13
7.335,7.335,-17.89
7.34,7.34,-23.04
7.345,7.345,-23.04
7.35,7.35,-20.82
7.355,7.355,-15.92
7.36,7.36,-12.77
7.365,7.365,-12.1
7.37,7.37,-12.65
7.375,7.375,-14.92
7.38,7.38,-16.79
7.385,7.385,-18.48
7.39,7.39,-19.29
7.395,7.395,-20.08
7.4,7.4,-21.34
7.405,7.405,-23.09
7.41,7.41,-22.29
7.415,7.415,-19.99
7.42,7.42,-16.74
7.425,7.425,-13.35
7.43,7.43,-10.47
7.435,7.435,-10.89
7.44,7.44,-14.65
7.445,7.445,-20.1
7.45,7.45,-23.28
7.455,7.455,-25.63
7.46,7.46,-27.9
7.465,7.465,-29.5
7.47,7.47,-29.75
7.475,7.475,-28.31
7.48,7.48,-27.58
7.485,7.485,-26.38
7.49,7.49,-27.5
7.495,7.495,-28.07
7.5,7.5,-27.3
7.505,7.505,-23.92
7.51,7.51,-20.44
7.515,7.515,-18.01
7.52,7.52,-15.57
7.525,7.525,-13.45
7.53,7.53,-13.18
7.535,7.535,-14.69
7.54,7.54,-17.02
7.545,7.545,-18.62
7.55,7.55,-20.66
7.555,7.555,-20.47
7.56,7.56,-20.94
7.565,7.565,-19.52
7.57,7.57,-20.59
7.575,7.575,-20.1
7.58,7.58,-23.07
7.585,7.585,-23.47
7.59,7.59,-25
7.595,7.595,-25.32
7.6,7.6,-25.59
7.605,7.605,-24.17
7.61,7.61,-18.57
7.615,7.615,-15.99
7.62,7.62,-17.92
7.625,7.625,-22.93
7.63,7.63,-29.14
7.635,7.635,-31.17
7.64,7.64,-33.68
7.645,7.645,-31.84
7.65,7.65,-29.4
7.655,7.655,-23.72
7.66,7.66,-18.85
7.665,7.665,-15.94
7.67,7.67,-17.54
7.675,7.675,-20.04
7.68,7.68,-24.04
7.685,7.685,-25.42
7.69,7.69,-29.14
7.695,7.695,-27.76
7.7,7.7,-26.36
7.705,7.705,-22.57
7.71,7.71,-19.03
7.715,7.715,-17.07
7.72,7.72,-16.19
7.725,7.725,-15.19
7.73,7.73,-18.16
7.735,7.735,-20.51
7.74,7.74,-25.49
7.745,7.745,-24.05
7.75,7.75,-19.25
7.755,7.755,-17.57
7.76,7.76,-17.26
7.765,7.765,-21.98
7.77,7.77,-20.87
7.775,7.775,-19.44
7.78,7.78,-14.8
7.785,7.785,-14.52
7.79,7.79,-17.38
7.795,7.795,-25.4
7.8,7.8,-28.75
7.805,7.805,-31.82
7.81,7.81,-27.93
7.815,7.815,-27.12
7.82,7.82,-23.83
7.825,7.825,-22.37
7.83,7.83,-21.83
7.835,7.835,-21.99
7.84,7.84,-23.69
7.845,7.845,-23.65
7.85,7.85,-22.52
7.855,7.855,-21.88
7.86,7.86,-19.54
7.865,7.865,-14.2
7.87,7.87,-10.33
7.875,7.875,-13.77
7.88,7.88,-19.68
7.885,7.885,-25.14
7.89,7.89,-27.37
7.895,7.895,-26.73
7.9,7.9,-23.66
7.905,7.905,-18.55
7.91,7.91,-17.23
7.915,7.915,-18.47
7.92,7.92,-20.95
7.925,7.925,-22.37
7.93,7.93,-21.67
7.935,7.935,-20.48
7.94,7.94,-21.62
7.945,7.945,-21.24
7.95,7.95,-18.44
7.955,7.955,-17.62
7.96,7.96,-17.56
7.965,7.965,-17.43
7.97,7.97,-17.34
7.975,7.975,-18.76
7.98,7.98,-23.45
7.985,7.985,-25.63
7.99,7.99,-26.83
7.995,7.995,-26.92
8,8,-25.5
8.005,8.005,-20.88
8.01,8.01,-18.08
8.015,8.015,-20.15
8.02,8.02,-24.63
8.025,8.025,-26.77
8.03,8.03,-25.49
8.035,8.035,-24.93
8.04,8.04,-23.6
8.045,8.045,-19.74
8.05,8.05,-16.4
8.055,8.055,-17.22
8.06,8.06,-21.14
8.065,8.065,-26.06
8.07,8.07,-27.99
8.075,8.075,-28.27
8.08,8.08,-28.56
8.085,8.085,-28.8
8.09,8.09,-28.44
8.095,8.095,-30.09
8.1,8.1,-33.3
8.105,8.105,-35.66
8.11,8.11,-34.74
8.115,8.115,-32.72
8.12,8.12,-29.67
8.125,8.125,-26.84
8.13,8.13,-26.29
8.135,8.135,-32.54
8.14,8.14,-37.97
8.145,8.145,-39.31
8.15,8.15,-38.66
8.155,8.155,-34.89
8.16,8.16,-35.2
8.165,8.165,-30.92
8.17,8.17,-30.53
8.175,8.175,-27.36
8.18,8.18,-25.71
8.185,8.185,-22.57
8.19,8.19,-17.3
8.195,8.195,-18.04
8.2,8.2,-17.38
8.205,8.205,-20.83
8.21,8.21,-18.02
8.215,8.215,-21.81
8.22,8.22,-21.22
8.225,8.225,-23.66
8.23,8.23,-16.27
8.235,8.235,-19.33
8.24,8.24,-15.2
8.245,8.245,-19.93
8.25,8.25,-15.34
8.255,8.255,-14.75
8.26,8.26,-12.78
8.265,8.265,-12.34
8.27,8.27,-15.2
8.275,8.275,-23.58
8.28,8.28,-26.81
8.285,8.285,-31.89
8.29,8.29,-24.2
8.295,8.295,-26.47
8.3,8.3,-20.56
8.305,8.305,-21.97
8.31,8.31,-14.94
8.315,8.315,-13.73
8.32,8.32,-8.56
8.325,8.325,-8.42
8.33,8.33,-11.13
8.335,8.335,-12.89
8.34,8.34,-18.09
8.345,8.345,-16.76
8.35,8.35,-18.43
8.355,8.355,-12.29
8.36,8.36,-9.93
8.365,8.365,-7.05
8.37,8.37,-7.43
8.375,8.375,-8.03
8.38,8.38,-11.3
8.385,8.385,-15.16
8.39,8.39,-17.98
8.395,8.395,-19.69
8.4,8.4,-21.26
8.405,8.405,-19.79
8.41,8.41,-19.28
8.415,8.415,-16.18
8.421,8.42,-14.04
8.426,8.425,-13.75
8.431,8.43,-15.61
8.436,8.435,-18.51
8.441,8.44,-18.07
8.446,8.445,-16.45
8.451,8.45,-16.76
8.456,8.455,-18.1
8.461,8.46,-24.07
8.466,8.465,-27.79
8.471,8.47,-29.57
8.476,8.475,-21.99
8.481,8.48,-19.41
8.486,8.485,-16.6
8.491,8.49,-21.06
8.496,8.495,-22.18
8.501,8.5,-28.04
8.506,8.505,-27.68
8.511,8.51,-23.87
8.516,8.515,-19.66
8.521,8.52,-18.7
8.526,8.525,-27.79
8.531,8.53,-22.78
8.536,8.535,-23
8.541,8.54,-15.14
8.546,8.545,-17.28
8.551,8.55,-16.78
8.556,8.555,-17.77
8.561,8.56,-19.19
8.566,8.565,-18.6
8.571,8.57,-14.83
8.576,8.575,-16.25
8.581,8.58,-16.19
8.586,8.585,-20.56
8.591,8.59,-15.96
8.596,8.595,-13.96
8.601,8.6,-11.83
8.606,8.605,-14.38
8.611,8.61,-17.37
8.616,8.615,-18.04
8.621,8.62,-18.59
8.626,8.625,-20.03
8.631,8.63,-22.2
8.636,8.635,-24.44
8.641,8.64,-25.21
8.646,8.645,-25.61
8.651,8.65,-26.1
8.657,8.655,-26.87
8.662,8.66,-28.77
8.667,8.665,-30.38
8.672,8.67,-30.77
8.677,8.675,-29.04
8.682,8.68,-29.06
8.687,8.685,-32.73
8.692,8.69,-40.86
8.697,8.695,-44.32
8.702,8.7,-42.84
8.707,8.705,-36.78
8.712,8.71,-32.35
8.717,8.715,-30.2
8.722,8.72,-29.06
8.727,8.725,-27.56
8.732,8.73,-25.69
8.737,8.735,-21.44
8.742,8.74,-19.74
8.747,8.745,-21.38
8.752,8.75,-22.57
8.757,8.755,-22.49
8.762,8.76,-20.3
8.767,8.765,-19.65
8.772,8.77,-23.64
8.777,8.775,-24.72
8.782,8.78,-26.95
8.787,8.785,-22.73
8.792,8.79,-15.63
8.797,8.795,-13.57
8.802,8.8,-10
8.808,8.805,-15.67
8.813,8.81,-13.75
8.818,8.815,-21.17
8.823,8.82,-20.37
8.828,8.825,-22.6
8.833,8.83,-19.35
8.838,8.835,-18.73
8.843,8.84,-24.67
8.848,8.845,-24.97
8.853,8.85,-28.94
8.858,8.855,-24.66
8.863,8.86,-24.3
8.868,8.865,-27.16
8.874,8.87,-27.31
8.879,8.875,-24.9
8.884,8.88,-19.5
8.889,8.885,-18.11
8.894,8.89,-22.69
8.899,8.895,-24.84
8.904,8.9,-27
8.909,8.905,-25.97
8.914,8.91,-23.91
8.919,8.915,-19.47
8.924,8.92,-16.74
8.929,8.925,-12.75
8.934,8.93,-11.06
8.94,8.935,-11.29
8.945,8.94,-22.27
8.95,8.945,-32.69
8.955,8.95,-40.17
8.96,8.955,-38.11
8.965,8.96,-36.05
8.97,8.965,-33.99
8.975,8.97,-31.93
8.98,8.975,-29.87
8.985,8.98,-27.81
8.99,8.985,-25.75
8.995,8.99,-23.69
9,8.995,-23.22
9.006,9,-23.57
9.203,9.2,-5.65
9.299,9.3,-5.64
9.415,9.4,-5.63
9.507,9.5,-5.61
9.597,9.6,-5.58
9.7,9.7,-5.56
9.806,9.8,-5.5
9.904,9.9,-5.41
9.997,10,-5.28
10.099,10.1,-5.12
10.201,10.2,-4.97
10.303,10.3,-5
10.404,10.4,-5.4
10.506,10.5,-6.36
10.608,10.6,-7.89
10.71,10.7,-9.72
10.812,10.8,-11.39
10.913,10.9,-12.33
11.015,11,-12.13
11.125,11.1,-10.65
11.234,11.2,-8.03
11.335,11.3,-4.63
11.436,11.4,-0.89
11.537,11.5,2.78
11.642,11.6,5.95
11.741,11.7,8.21
11.839,11.8,9.18
11.937,11.9,8.67
12.035,12,6.86
12.154,12.1,4.32
12.264,12.2,1.73
12.362,12.3,-0.31
12.459,12.4,-1.44
12.544,12.5,-1.64
12.627,12.6,-1.05
12.71,12.7,0.09
12.808,12.8,1.43
12.91,12.9,2.7
13.016,13,3.82
13.108,13.1,4.78
13.199,13.2,5.64
13.296,13.3,6.49
13.395,13.4,7.46
13.499,13.5,8.79
13.603,13.6,10.66
13.704,13.7,13.03
13.8,13.8,15.57
13.891,13.9,17.83
13.983,14,19.3
14.075,14.1,19.65
14.17,14.2,18.82
14.285,14.3,17.05
14.4,14.4,14.88
14.516,14.5,12.82
14.625,14.6,11.05
14.706,14.7,9.41
14.791,14.8,7.51
14.894,14.9,5.16
14.999,15,2.6
15.1,15.1,0.42
15.2,15.2,-0.73
15.3,15.3,-0.57
15.4,15.4,0.7
15.5,15.5,2.5
15.6,15.6,4.24
15.7,15.7,5.42
15.8,15.8,5.68
15.9,15.9,4.78
16,16,2.83
16.1,16.1,0.44
16.2,16.2,-1.47
16.3,16.3,-2.18
16.4,16.4,-1.54
16.5,16.5,-0.13
16.6,16.6,1.25
16.7,16.7,2.1
16.8,16.8,2.37
16.9,16.9,2.3
17,17,2.14
17.1,17.1,1.97
17.2,17.2,1.76
17.3,17.3,1.43
17.4,17.4,0.75
17.5,17.5,-0.5
17.6,17.6,-2.33
17.7,17.7,-4.28
17.8,17.8,-5.59
17.9,17.9,-5.68
18,18,-4.63
18.1,18.1,-3.1
18.2,18.2,-1.79
18.3,18.3,-1.07
18.4,18.4,-0.85
18.5,18.5,-0.88
18.6,18.6,-0.98
18.7,18.7,-1.1
18.8,18.8,-1.26
18.9,18.9,-1.48
19,19,-1.77
19.1,19.1,-2.05
19.2,19.2,-2.19
19.3,19.3,-2.04
19.4,19.4,-1.45
19.5,19.5,-0.32
19.6,19.6,1.34
19.7,19.7,3.38
19.8,19.8,5.49
19.9,19.9,7.3
20,20,8.6
20.1,20.1,9.43
20.2,20.2,10.21
20.3,20.3,11.26
20.4,20.4,12.21
20.5,20.5,12.51
20.6,20.6,11.57
20.7,20.7,9.28
20.8,20.8,6.52
20.9,20.9,3.79
21,21,1.09
21.1,21.1,-1.8
21.2,21.2,-5.22
21.3,21.3,-8.97
21.4,21.4,-12.38
21.5,21.5,-14.91
21.6,21.6,-16.22
21.7,21.7,-16.25
21.8,21.8,-15.02
21.9,21.9,-12.62
22,22,-9.13
22.1,22.1,-4.81
22.2,22.2,-0.24
22.311,22.3,3.8
22.446,22.4,6.49
22.573,22.5,7.41
22.644,22.6,6.69
22.716,22.7,4.94
22.8,22.8,2.74
22.9,22.9,0.19
23,23,-3.07
23.095,23.1,-7.28
23.188,23.2,-11.82
23.258,23.3,-15.35
23.32,23.4,-16.66
23.42,23.5,-15.76
23.519,23.6,-13.68
23.619,23.7,-11.12
23.719,23.8,-8.1
23.818,23.9,-4.25
23.918,24,0.11
23.999,24.1,3.3
24.143,24.2,4.03
24.236,24.3,2.61
24.329,24.4,0.57
24.422,24.5,-0.32
24.509,24.6,0.3
24.589,24.7,1.2
24.669,24.8,1.02
24.749,24.9,-0.65
24.869,25,-3.08
24.989,25.1,-4.94
25.045,25.2,-5.37
25.105,25.3,-4.31
25.215,25.4,-1.92
25.312,25.5,1.73
25.415,25.6,6.52
25.519,25.7,11.88
25.622,25.8,16.88
25.725,25.9,20.77
25.828,26,23.14
25.931,26.1,23.88
26.023,26.2,22.63
26.1,26.3,18.72
26.177,26.4,12.54
26.255,26.5,5.72
26.332,26.6,0.38
26.409,26.7,-1.57
26.499,26.8,0.19
26.59,26.9,4.41
26.682,27,9.08
26.774,27.1,11.83
26.865,27.2,10.96
26.957,27.3,6.31
27.049,27.4,-0.87
27.14,27.5,-8.33
27.232,27.6,-13.94
27.324,27.7,-16.33
27.415,27.8,-14.86
27.525,27.9,-9.68
27.642,28,-1.81
27.759,28.1,6.98
27.871,28.2,14.62
27.957,28.3,19.74
28.044,28.4,21.96
28.123,28.5,21.55
28.195,28.6,19.21
28.267,28.7,15.83
28.383,28.8,12.3
28.505,28.9,9.43
28.628,29,7.37
28.751,29.1,5.6
28.874,29.2,3.6
28.997,29.3,1.27
29.12,29.4,-1.07
29.233,29.5,-2.95
29.335,29.6,-4.07
29.436,29.7,-4.24
29.504,29.8,-3.31
29.584,29.9,-1.33
29.706,30,1.36
29.828,30.1,4.12
29.949,30.2,6.35
30.096,30.3,7.83
30.247,30.4,8.76
30.399,30.5,9.59
30.55,30.6,10.73
30.657,30.7,12.33
30.748,30.8,14.24
30.838,30.9,16.13
30.929,31,17.59
31.02,31.1,18.33
31.117,31.2,18.3
31.216,31.3,17.73
31.314,31.4,16.97
31.413,31.5,16.2
31.512,31.6,15.27
31.611,31.7,13.88
31.709,31.8,11.9
31.808,31.9,9.68
31.907,32,7.84
32.006,32.1,6.94
32.104,32.2,7.34
32.203,32.3,9.33
32.302,32.4,12.98
32.401,32.5,17.68
32.499,32.6,21.54
32.598,32.7,22.33
32.697,32.8,19
32.796,32.9,12.75
32.894,33,6.74
32.993,33.1,3.76
33.092,33.2,4.77
33.196,33.3,8.78
33.313,33.4,13.63
33.429,33.5,17.83
33.545,33.6,21.42
33.661,33.7,25.56
33.782,33.8,31.49
33.906,33.9,39.28
34.03,34,47.38
34.154,34.1,53.69
34.278,34.2,57.18
34.402,34.3,58.1
34.526,34.4,57.27
34.649,34.5,55.36
34.773,34.6,52.54
34.897,34.7,49.15
35.019,34.8,46.24
35.132,34.9,44.83
35.245,35,45.19
35.359,35.1,46.81
35.473,35.2,48.74
35.587,35.3,50.25
35.701,35.4,50.93
35.816,35.5,50.43
35.929,35.6,48.69
36.043,35.7,46.14
36.157,35.8,43.62
36.271,35.9,41.82
36.385,36,40.6
36.499,36.1,39.26
36.613,36.2,37.38
36.727,36.3,35.35
36.841,36.4,34.02
36.955,36.5,34.14
37.064,36.6,36.02
37.173,36.7,39.46
37.281,36.8,44.06
37.39,36.9,49.04
37.498,37,53.26
37.607,37.1,55.74
37.715,37.2,56.06
37.823,37.3,54.44
37.932,37.4,51.53
38.04,37.5,48.05
38.148,37.6,44.51
38.256,37.7,41.24
38.364,37.8,38.43
38.472,37.9,36.14
38.58,38,34.39
38.688,38.1,33.18
38.795,38.2,32.55
38.903,38.3,32.54
39.01,38.4,33.21
39.117,38.5,34.58
39.225,38.6,36.59
39.332,38.7,39.09
39.439,38.8,41.81
39.547,38.9,44.39
39.654,39,46.52
39.76,39.1,48.02
39.866,39.2,48.84
39.972,39.3,48.98
40.077,39.4,48.45
40.182,39.5,47.35
40.286,39.6,45.86
40.389,39.7,44.32
40.493,39.8,43.04
40.596,39.9,42.13
40.7,40,41.49
40.803,40.1,41.13
40.907,40.2,41.46
41.01,40.3,42.97
41.114,40.4,45.91
41.216,40.5,49.73
41.318,40.6,53.28
41.419,40.7,55.72
41.518,40.8,56.82
41.617,40.9,56.86
41.716,41,56.21
41.815,41.1,54.84
41.914,41.2,52.33
42.014,41.3,48.39
42.113,41.4,43.25
42.212,41.5,37.64
42.311,41.6,32.58
42.406,41.7,28.84
42.502,41.8,26.58
42.597,41.9,25.49
42.693,42,25.24
42.788,42.1,25.9
42.884,42.2,27.67
42.979,42.3,30.68
43.075,42.4,34.68
43.17,42.5,38.93
43.266,42.6,42.82
43.361,42.7,45.94
43.455,42.8,48.07
43.544,42.9,49.37
43.633,43,50.08
43.723,43.1,50.41
43.812,43.2,50.76
43.901,43.3,51.89
43.99,43.4,54.45
44.079,43.5,58.57
44.168,43.6,63.38
44.257,43.7,66.88
44.346,43.8,67.38
44.435,43.9,64.44
44.525,44,58.97
44.614,44.1,52.67
44.703,44.2,46.98
44.792,44.3,42.57
44.881,44.4,39.6
44.97,44.5,37.99
45.059,44.6,37.63
45.148,44.7,38.42
45.237,44.8,40.14
45.327,44.9,42.39
45.416,45,44.61
45.505,45.1,46.23
45.594,45.2,46.8
45.683,45.3,46.14
45.77,45.4,44.37
45.856,45.5,41.91
45.943,45.6,39.37
46.029,45.7,37.31
46.115,45.8,36.17
46.201,45.9,36.17
46.287,46,37.31
46.373,46.1,39.41
46.459,46.2,42.13
46.545,46.3,45.13
46.631,46.4,48.09
46.717,46.5,50.77
46.803,46.6,53.01
46.889,46.7,54.7
46.975,46.8,55.77
47.061,46.9,56.31
47.147,47,56.49
47.233,47.1,56.48
47.319,47.2,56.39
47.407,47.3,56.14
47.496,47.4,55.53
47.585,47.5,54.46
47.675,47.6,53.11
47.764,47.7,52.01
47.853,47.8,51.96
47.942,47.9,53.61
48.032,48,56.91
48.121,48.1,61
48.21,48.2,64.39
48.299,48.3,65.65
48.388,48.4,64.37
48.478,48.5,61.29
48.567,48.6,57.79
48.661,48.7,55.22
48.755,48.8,54.17
48.849,48.9,54.29
48.943,49,54.57
49.037,49.1,53.92
49.131,49.2,51.76
49.225,49.3,48.34
49.319,49.4,44.71
49.416,49.5,41.99
49.514,49.6,40.8
49.613,49.7,41.07
49.712,49.8,42.22
49.81,49.9,43.54
49.909,50,44.37
50.007,50.1,44.29
50.106,50.2,43.33
50.204,50.3,41.97
50.303,50.4,41.03
50.401,50.5,41.13
50.5,50.6,42.24
50.598,50.7,43.86
50.7,50.8,45.44
50.802,50.9,46.6
50.904,51,47.36
51.005,51.1,47.88
51.109,51.2,48.25
51.212,51.3,48.6
51.315,51.4,49.08
51.419,51.5,49.78
51.522,51.6,50.67
51.625,51.7,51.58
51.729,51.8,52.28
51.832,51.9,52.72
51.937,52,52.97
52.043,52.1,53.13
52.148,52.2,53.05
52.253,52.3,52.41
52.359,52.4,50.87
52.464,52.5,48.49
52.569,52.6,45.9
52.686,52.7,44.16
52.814,52.8,44.15
52.941,52.9,46.11
53.069,53,49.45
53.181,53.1,53.07
53.313,53.2,56.06
53.431,53.3,58.13
53.54,53.4,59.5
53.648,53.5,60.6
53.757,53.6,61.76
53.866,53.7,63.18
53.974,53.8,64.77
54.083,53.9,65.88
54.193,54,65.2
54.302,54.1,61.41
54.411,54.2,54.19
54.52,54.3,44.95
54.629,54.4,36.27
54.738,54.5,30.48
54.847,54.6,28.54
54.956,54.7,29.82
55.066,54.8,32.98
55.175,54.9,36.64
55.284,55,39.74
55.393,55.1,41.51
55.502,55.2,41.25
55.611,55.3,38.75
55.72,55.4,34.76
55.83,55.5,30.88
55.939,55.6,28.99
56.048,55.7,30.19
56.157,55.8,34.21
56.266,55.9,39.81
56.375,56,45.4
56.484,56.1,49.2
56.594,56.2,49.75
56.703,56.3,46.6
56.812,56.4,40.76
56.921,56.5,34.69
57.03,56.6,30.95
57.139,56.7,30.36
57.246,56.8,32.09
57.354,56.9,34.55
57.462,57,36.5
57.57,57.1,37.62
57.678,57.2,38.13
57.786,57.3,38.29
57.895,57.4,38.48
58.004,57.5,39.15
58.112,57.6,40.65
58.221,57.7,43.05
58.33,57.8,46
58.438,57.9,48.95
58.547,58,51.38
58.656,58.1,52.97
58.764,58.2,53.76
58.873,58.3,54.23
58.975,58.4,55.03
59.053,58.5,56.61
59.131,58.6,58.78
59.208,58.7,60.75
59.302,58.8,61.71
59.404,58.9,61.25
59.506,59,59.38
59.609,59.1,56.23
59.711,59.2,51.99
59.814,59.3,47.07
59.916,59.4,42.32
60.019,59.5,38.58
60.121,59.6,36.33
60.223,59.7,35.52
60.326,59.8,35.88
60.428,59.9,37.22
60.531,60,39.49
60.633,60.1,42.53
60.736,60.2,45.99
60.838,60.3,49.38
60.941,60.4,52.25
61.043,60.5,54.41
61.145,60.6,55.83
61.248,60.7,56.53
61.35,60.8,56.51
61.453,60.9,55.82
61.555,61,54.7
61.658,61.1,53.63
61.76,61.2,53.21
61.862,61.3,53.88
61.965,61.4,55.71
62.067,61.5,58.32
62.17,61.6,61.08
62.265,61.7,63.42
62.354,61.8,65.13
62.443,61.9,66.36
62.532,62,67.41
62.619,62.1,68.22
62.706,62.2,68.1
62.793,62.3,66.05
62.88,62.4,61.51
62.968,62.5,55.01
63.055,62.6,48.11
63.142,62.7,42.58
63.229,62.8,39.36
63.316,62.9,38.29
63.403,63,38.59
63.491,63.1,39.45
63.604,63.2,40.49
63.719,63.3,41.6
63.833,63.4,42.68
63.948,63.5,43.51
64.062,63.6,43.8
64.177,63.7,43.36
64.291,63.8,42.19
64.406,63.9,40.58
64.52,64,38.93
64.635,64.1,37.66
64.736,64.2,37.05
64.832,64.3,37.23
64.927,64.4,38.22
65.03,64.5,39.93
65.137,64.6,42.24
65.243,64.7,44.92
65.35,64.8,47.77
65.456,64.9,50.54
65.562,65,52.95
65.669,65.1,54.74
65.766,65.2,55.93
65.862,65.3,56.9
65.957,65.4,58.2
66.053,65.5,60.06
66.149,65.6,62.09
66.244,65.7,63.5
66.34,65.8,63.65
66.436,65.9,62.54
66.534,66,60.43
66.632,66.1,57.63
66.73,66.2,54.44
66.828,66.3,51.25
66.926,66.4,48.66
67.024,66.5,47.23
67.122,66.6,46.8
67.22,66.7,46.49
67.318,66.8,45.41
67.416,66.9,43.31
67.514,67,40.71
67.612,67.1,38.57
67.71,67.2,37.44
67.808,67.3,37.29
67.906,67.4,37.76
68.004,67.5,38.47
68.102,67.6,39.23
68.202,67.7,40.05
68.355,67.8,41.04
68.458,67.9,42.45
68.555,68,44.53
68.653,68.1,47.38
68.75,68.2,50.81
68.848,68.3,54.35
68.945,68.4,57.59
69.043,68.5,60.39
69.14,68.6,62.82
69.238,68.7,65
69.336,68.8,66.82
69.433,68.9,67.77
69.531,69,67.21
69.629,69.1,64.66
69.727,69.2,60.25
69.825,69.3,54.95
69.922,69.4,50.21
70.02,69.5,47.3
70.118,69.6,46.73
70.216,69.7,48.02
70.314,69.8,50.1
70.411,69.9,51.85
70.509,70,52.43
70.607,70.1,51.47
70.705,70.2,49.03
70.803,70.3,45.65
70.9,70.4,42.16
70.998,70.5,39.5
71.096,70.6,38.31
71.194,70.7,38.75
71.292,70.8,40.5
71.389,70.9,42.95
71.484,71,45.55
71.575,71.1,47.94
71.666,71.2,50.04
71.764,71.3,51.89
71.865,71.4,53.58
71.97,71.5,55.18
72.087,71.6,56.7
72.205,71.7,58.12
72.322,71.8,59.37
72.44,71.9,60.3
72.557,72,60.81
72.675,72.1,60.91
72.792,72.2,60.77
72.91,72.3,60.7
73.027,72.4,60.86
73.145,72.5,61.24
73.262,72.6,61.66
73.38,72.7,61.89
73.497,72.8,61.79
73.615,72.9,61.38
73.72,73,60.78
73.819,73.1,60.14
73.918,73.2,59.57
74.028,73.3,59.06
74.131,73.4,58.56
74.232,73.5,58
74.331,73.6,57.39
74.424,73.7,56.8
74.518,73.8,56.28
74.612,73.9,55.88
74.705,74,55.6
74.799,74.1,55.47
74.893,74.2,55.54
74.987,74.3,55.84
75.08,74.4,56.37
75.174,74.5,56.97
75.268,74.6,57.49
75.361,74.7,57.81
75.455,74.8,58.07
75.549,74.9,58.6
75.643,75,59.73
75.736,75.1,61.49
75.83,75.2,63.44
75.924,75.3,64.79
76.017,75.4,64.84
76.111,75.5,63.28
76.205,75.6,60.11
76.299,75.7,55.59
76.392,75.8,50.16
76.486,75.9,44.37
76.58,76,39
76.673,76.1,34.77
76.767,76.2,32
76.861,76.3,30.63
76.955,76.4,30.43
77.048,76.5,31.06
77.142,76.6,32.23
77.236,76.7,33.79
77.329,76.8,35.65
77.423,76.9,37.92
77.517,77,40.69
77.611,77.1,43.93
77.704,77.2,47.36
77.798,77.3,50.65
77.892,77.4,53.59
77.985,77.5,56.16
78.079,77.6,58.34
78.173,77.7,59.84
78.267,77.8,60.2
78.36,77.9,59.04
78.454,78,56.43
78.548,78.1,53.02
78.641,78.2,49.64
78.735,78.3,46.95
78.829,78.4,45.26
78.923,78.5,44.56
79.016,78.6,44.75
79.11,78.7,45.7
79.204,78.8,47.24
79.297,78.9,49.08
79.391,79,50.91
79.485,79.1,52.47
79.579,79.2,53.64
79.672,79.3,54.47
79.766,79.4,55.1
79.86,79.5,55.62
79.957,79.6,56.1
80.056,79.7,56.56
80.156,79.8,56.99
80.255,79.9,57.4
80.355,80,57.8
80.454,80.1,58.19
80.554,80.2,58.57
80.654,80.3,58.95
80.753,80.4,59.33
80.853,80.5,59.7
80.952,80.6,60.08
81.052,80.7,60.45
81.151,80.8,60.83
81.251,80.9,61.2
81.35,81,61.58
81.45,81.1,61.95
81.549,81.2,62.31
81.649,81.3,62.63
81.749,81.4,62.87
81.848,81.5,63.01
81.948,81.6,63.06
82.047,81.7,63.05
82.147,81.8,63.02
82.246,81.9,63
82.346,82,63.05
82.445,82.1,63.19
82.545,82.2,63.39
82.645,82.3,63.52
82.744,82.4,63.37
82.844,82.5,62.81
82.943,82.6,61.84
83.043,82.7,60.58
83.142,82.8,59.14
83.242,82.9,57.56
83.341,83,55.82
83.441,83.1,54
83.54,83.2,52.26
83.3,83.3,50.92
83.4,83.4,50.25
83.5,83.5,50.38
83.6,83.6,51.3
83.7,83.7,52.79
83.8,83.8,54.53
83.9,83.9,56.25
84,84,57.75
84.1,84.1,58.98
84.2,84.2,59.95
84.3,84.3,60.69
84.4,84.4,61.15
84.5,84.5,61.32
84.6,84.6,61.32
84.7,84.7,61.38
84.8,84.8,61.81
84.9,84.9,62.7
85,85,63.77
85.1,85.1,64.41
85.2,85.2,63.96
85.3,85.3,62.11
85.4,85.4,59.2
85.5,85.5,56.07
85.6,85.6,53.68
85.7,85.7,52.53
85.8,85.8,52.35
85.9,85.9,52.5
86,86,52.43
86.1,86.1,52.04
86.2,86.2,51.62
86.3,86.3,51.45
86.4,86.4,51.54
86.5,86.5,51.81
86.6,86.6,52.18
86.7,86.7,52.63
86.8,86.8,53.02
86.9,86.9,52.93
87,87,52
87.1,87.1,50.31
87.2,87.2,48.4
87.3,87.3,46.97
87.4,87.4,46.45
87.5,87.5,46.73
87.6,87.6,47.38
87.7,87.7,48.06
87.8,87.8,48.58
87.9,87.9,48.96
88,88,49.34
88.1,88.1,49.84
88.2,88.2,50.49
88.3,88.3,51.19
88.4,88.4,51.76
88.5,88.5,52.06
88.6,88.6,52.15
88.7,88.7,52.14
88.8,88.8,52.02
88.9,88.9,51.59
89,89,50.64
89.1,89.1,49.23
89.2,89.2,47.71
89.3,89.3,46.45
89.4,89.4,45.58
89.5,89.5,45.03
89.6,89.6,44.62
89.7,89.7,44.33
89.8,89.8,44.26
89.9,89.9,44.49
90,90,45.03
90.1,90.1,45.81
90.2,90.2,46.82
90.3,90.3,48.03
90.4,90.4,49.29
90.5,90.5,50.3
90.6,90.6,50.69
90.7,90.7,50.3
90.8,90.8,49.36
90.9,90.9,48.26
91,91,47.31
91.1,91.1,46.58
91.2,91.2,46
91.3,91.3,45.47
91.4,91.4,45.02
91.5,91.5,44.79
91.6,91.6,44.89
91.7,91.7,45.37
91.8,91.8,46.17
91.9,91.9,47.24
92,92,48.66
92.1,92.1,50.63
92.2,92.2,53.21
92.3,92.3,56.24
92.4,92.4,59.24
92.5,92.5,61.6
92.6,92.6,62.95
92.7,92.7,63.2
92.8,92.8,62.49
92.9,92.9,61.19
93,93,59.58
93.1,93.1,57.9
93.2,93.2,56.47
93.3,93.3,55.57
93.4,93.4,55.23
93.5,93.5,55.21
93.6,93.6,55.08
93.7,93.7,54.53
93.8,93.8,53.71
93.9,93.9,53.09
94,94,53.05
94.1,94.1,53.54
94.2,94.2,54.27
94.3,94.3,54.87
94.4,94.4,55.22
94.5,94.5,55.43
94.6,94.6,55.47
94.7,94.7,55.26
94.8,94.8,54.84
94.9,94.9,54.43
95,95,54.37
95.1,95.1,54.68
95.2,95.2,55.04
95.3,95.3,55.14
95.4,95.4,54.94
95.5,95.5,54.85
95.6,95.6,55.39
95.7,95.7,56.82
95.8,95.8,58.94
95.9,95.9,61.06
96,96,62.41
96.1,96.1,62.57
96.2,96.2,61.75
96.3,96.3,60.57
96.4,96.4,59.55
96.5,96.5,58.67
96.6,96.6,57.56
96.7,96.7,55.89
96.8,96.8,53.8
96.9,96.9,51.81
97,97,50.42
97.1,97.1,49.8
97.2,97.2,49.73
97.3,97.3,49.79
97.4,97.4,49.64
97.5,97.5,49.21
97.6,97.6,48.69
97.7,97.7,48.42
97.8,97.8,48.59
97.9,97.9,49.15
98,98,49.77
98.1,98.1,50.2
98.2,98.2,50.43
98.3,98.3,50.63
98.4,98.4,50.94
98.5,98.5,51.29
98.6,98.6,51.47
98.7,98.7,51.35
98.8,98.8,51.01
98.9,98.9,50.63
99,99,50.36
99.1,99.1,50.16
99.2,99.2,49.82
99.3,99.3,49.09
99.4,99.4,47.83
99.5,99.5,46.13
99.6,99.6,44.39
99.7,99.7,43.19
99.8,99.8,42.97
99.9,99.9,43.8
100,100,45.29
100.1,100.1,46.84
100.2,100.2,47.99
100.3,100.3,48.58
100.4,100.4,48.74
100.5,100.5,48.7
100.6,100.6,48.63
100.7,100.7,48.6
100.8,100.8,48.61
100.9,100.9,48.63
101,101,48.67
101.1,101.1,48.71
101.2,101.2,48.77
101.3,101.3,48.84
101.4,101.4,48.92
101.5,101.5,49
101.6,101.6,49.08
101.7,101.7,49.16
101.8,101.8,49.25
101.9,101.9,49.34
102,102,49.43
102.1,102.1,49.52
102.2,102.2,49.61
102.3,102.3,49.69
102.4,102.4,49.77
102.5,102.5,49.84
102.6,102.6,49.91
102.7,102.7,49.97
102.8,102.8,50.04
102.9,102.9,50.1
103,103,50.16
103.1,103.1,50.22
103.2,103.2,50.28
103.3,103.3,50.34
103.4,103.4,50.38
103.5,103.5,50.38
103.6,103.6,50.31
103.7,103.7,50.15
103.8,103.8,49.89
103.9,103.9,49.56
104,104,49.17
104.1,104.1,48.76
104.2,104.2,48.34
104.3,104.3,47.93
104.4,104.4,47.51
104.5,104.5,47.1
104.6,104.6,46.68
104.7,104.7,46.26
104.8,104.8,45.85
104.9,104.9,45.44
105,105,45.03
105.1,105.1,44.64
105.2,105.2,44.32
105.3,105.3,44.11
105.4,105.4,44.07
105.5,105.5,44.2
105.6,105.6,44.47
105.7,105.7,44.83
105.8,105.8,45.24
105.9,105.9,45.67
106,106,46.1
106.1,106.1,46.53
106.2,106.2,46.95
106.3,106.3,47.38
106.4,106.4,47.8
106.5,106.5,48.2
106.6,106.6,48.55
106.7,106.7,48.81
106.8,106.8,48.97
106.9,106.9,49.03
107,107,49.01
107.1,107.1,48.96
107.2,107.2,48.89
107.3,107.3,48.81
107.4,107.4,48.73
107.5,107.5,48.65
107.6,107.6,48.57
107.7,107.7,48.49
107.8,107.8,48.41
107.9,107.9,48.33
108,108,48.25
